주제,키워드,사건번호,사건명,유사도,판례일련번호
상속 및 재산 평가,가액,82구125,상속세등부과처분취소청구사건,0.7831601684200321,76464
상속 및 재산 평가,가액,2009두7103,,0.7786771702074122,142628
상속 및 재산 평가,가액,85구188,상속세부과처분취소청구사건,0.7738952510031151,76301
상속 및 재산 평가,가액,2002두11196,상속세부과처분취소,0.7630826863930269,83359
상속 및 재산 평가,가액,82구834,상속세부과처분취소청구사건,0.7623429227701708,75515
상속 및 재산 평가,가액,84구128,상속세등부과처분취소,0.7610601512938996,224037
상속 및 재산 평가,가액,83구582,행정처분무효확인,0.7581132997676274,75816
상속 및 재산 평가,가액,93구18442,상속세등부과처분취소청구사건,0.7579577718228727,119766
상속 및 재산 평가,가액,2004누6039,손해배상(기),0.7504469795052531,77945
상속 및 재산 평가,가액,94누15929,상속세등부과처분취소,0.7500556562580923,199321
상속 및 재산 평가,시가,82구125,상속세등부과처분취소청구사건,0.7831601684200321,76464
상속 및 재산 평가,시가,2009두7103,,0.7786771702074122,142628
상속 및 재산 평가,시가,85구188,상속세부과처분취소청구사건,0.7738952510031151,76301
상속 및 재산 평가,시가,2002두11196,상속세부과처분취소,0.7630826863930269,83359
상속 및 재산 평가,시가,82구834,상속세부과처분취소청구사건,0.7623429227701708,75515
상속 및 재산 평가,시가,84구128,상속세등부과처분취소,0.7610601512938996,224037
상속 및 재산 평가,시가,83구582,행정처분무효확인,0.7581132997676274,75816
상속 및 재산 평가,시가,93구18442,상속세등부과처분취소청구사건,0.7579577718228727,119766
상속 및 재산 평가,시가,2004누6039,손해배상(기),0.7504469795052531,77945
상속 및 재산 평가,시가,94누15929,상속세등부과처분취소,0.7500556562580923,199321
상속 및 재산 평가,평가,82구125,상속세등부과처분취소청구사건,0.7831601684200321,76464
상속 및 재산 평가,평가,2009두7103,,0.7786771702074122,142628
상속 및 재산 평가,평가,85구188,상속세부과처분취소청구사건,0.7738952510031151,76301
상속 및 재산 평가,평가,2002두11196,상속세부과처분취소,0.7630826863930269,83359
상속 및 재산 평가,평가,82구834,상속세부과처분취소청구사건,0.7623429227701708,75515
상속 및 재산 평가,평가,84구128,상속세등부과처분취소,0.7610601512938996,224037
상속 및 재산 평가,평가,83구582,행정처분무효확인,0.7581132997676274,75816
상속 및 재산 평가,평가,93구18442,상속세등부과처분취소청구사건,0.7579577718228727,119766
상속 및 재산 평가,평가,2004누6039,손해배상(기),0.7504469795052531,77945
상속 및 재산 평가,평가,94누15929,상속세등부과처분취소,0.7500556562580923,199321
상속 및 재산 평가,상속,82구125,상속세등부과처분취소청구사건,0.7831601684200321,76464
상속 및 재산 평가,상속,2009두7103,,0.7786771702074122,142628
상속 및 재산 평가,상속,85구188,상속세부과처분취소청구사건,0.7738952510031151,76301
상속 및 재산 평가,상속,2002두11196,상속세부과처분취소,0.7630826863930269,83359
상속 및 재산 평가,상속,82구834,상속세부과처분취소청구사건,0.7623429227701708,75515
상속 및 재산 평가,상속,84구128,상속세등부과처분취소,0.7610601512938996,224037
상속 및 재산 평가,상속,83구582,행정처분무효확인,0.7581132997676274,75816
상속 및 재산 평가,상속,93구18442,상속세등부과처분취소청구사건,0.7579577718228727,119766
상속 및 재산 평가,상속,2004누6039,손해배상(기),0.7504469795052531,77945
상속 및 재산 평가,상속,94누15929,상속세등부과처분취소,0.7500556562580923,199321
상속 및 재산 평가,세법,82구125,상속세등부과처분취소청구사건,0.7831601684200321,76464
상속 및 재산 평가,세법,2009두7103,,0.7786771702074122,142628
상속 및 재산 평가,세법,85구188,상속세부과처분취소청구사건,0.7738952510031151,76301
상속 및 재산 평가,세법,2002두11196,상속세부과처분취소,0.7630826863930269,83359
상속 및 재산 평가,세법,82구834,상속세부과처분취소청구사건,0.7623429227701708,75515
상속 및 재산 평가,세법,84구128,상속세등부과처분취소,0.7610601512938996,224037
상속 및 재산 평가,세법,83구582,행정처분무효확인,0.7581132997676274,75816
상속 및 재산 평가,세법,93구18442,상속세등부과처분취소청구사건,0.7579577718228727,119766
상속 및 재산 평가,세법,2004누6039,손해배상(기),0.7504469795052531,77945
상속 및 재산 평가,세법,94누15929,상속세등부과처분취소,0.7500556562580923,199321
상속 및 재산 평가,주식,82구125,상속세등부과처분취소청구사건,0.7831601684200321,76464
상속 및 재산 평가,주식,2009두7103,,0.7786771702074122,142628
상속 및 재산 평가,주식,85구188,상속세부과처분취소청구사건,0.7738952510031151,76301
상속 및 재산 평가,주식,2002두11196,상속세부과처분취소,0.7630826863930269,83359
상속 및 재산 평가,주식,82구834,상속세부과처분취소청구사건,0.7623429227701708,75515
상속 및 재산 평가,주식,84구128,상속세등부과처분취소,0.7610601512938996,224037
상속 및 재산 평가,주식,83구582,행정처분무효확인,0.7581132997676274,75816
상속 및 재산 평가,주식,93구18442,상속세등부과처분취소청구사건,0.7579577718228727,119766
상속 및 재산 평가,주식,2004누6039,손해배상(기),0.7504469795052531,77945
상속 및 재산 평가,주식,94누15929,상속세등부과처분취소,0.7500556562580923,199321
상속 및 재산 평가,재산,82구125,상속세등부과처분취소청구사건,0.7831601684200321,76464
상속 및 재산 평가,재산,2009두7103,,0.7786771702074122,142628
상속 및 재산 평가,재산,85구188,상속세부과처분취소청구사건,0.7738952510031151,76301
상속 및 재산 평가,재산,2002두11196,상속세부과처분취소,0.7630826863930269,83359
상속 및 재산 평가,재산,82구834,상속세부과처분취소청구사건,0.7623429227701708,75515
상속 및 재산 평가,재산,84구128,상속세등부과처분취소,0.7610601512938996,224037
상속 및 재산 평가,재산,83구582,행정처분무효확인,0.7581132997676274,75816
상속 및 재산 평가,재산,93구18442,상속세등부과처분취소청구사건,0.7579577718228727,119766
상속 및 재산 평가,재산,2004누6039,손해배상(기),0.7504469795052531,77945
상속 및 재산 평가,재산,94누15929,상속세등부과처분취소,0.7500556562580923,199321
상속 및 재산 평가,과세,82구125,상속세등부과처분취소청구사건,0.7831601684200321,76464
상속 및 재산 평가,과세,2009두7103,,0.7786771702074122,142628
상속 및 재산 평가,과세,85구188,상속세부과처분취소청구사건,0.7738952510031151,76301
상속 및 재산 평가,과세,2002두11196,상속세부과처분취소,0.7630826863930269,83359
상속 및 재산 평가,과세,82구834,상속세부과처분취소청구사건,0.7623429227701708,75515
상속 및 재산 평가,과세,84구128,상속세등부과처분취소,0.7610601512938996,224037
상속 및 재산 평가,과세,83구582,행정처분무효확인,0.7581132997676274,75816
상속 및 재산 평가,과세,93구18442,상속세등부과처분취소청구사건,0.7579577718228727,119766
상속 및 재산 평가,과세,2004누6039,손해배상(기),0.7504469795052531,77945
상속 및 재산 평가,과세,94누15929,상속세등부과처분취소,0.7500556562580923,199321
상속 및 재산 평가,증여,82구125,상속세등부과처분취소청구사건,0.7831601684200321,76464
상속 및 재산 평가,증여,2009두7103,,0.7786771702074122,142628
상속 및 재산 평가,증여,85구188,상속세부과처분취소청구사건,0.7738952510031151,76301
상속 및 재산 평가,증여,2002두11196,상속세부과처분취소,0.7630826863930269,83359
상속 및 재산 평가,증여,82구834,상속세부과처분취소청구사건,0.7623429227701708,75515
상속 및 재산 평가,증여,84구128,상속세등부과처분취소,0.7610601512938996,224037
상속 및 재산 평가,증여,83구582,행정처분무효확인,0.7581132997676274,75816
상속 및 재산 평가,증여,93구18442,상속세등부과처분취소청구사건,0.7579577718228727,119766
상속 및 재산 평가,증여,2004누6039,손해배상(기),0.7504469795052531,77945
상속 및 재산 평가,증여,94누15929,상속세등부과처분취소,0.7500556562580923,199321
상속 및 재산 평가,상속세,82구125,상속세등부과처분취소청구사건,0.7831601684200321,76464
상속 및 재산 평가,상속세,2009두7103,,0.7786771702074122,142628
상속 및 재산 평가,상속세,85구188,상속세부과처분취소청구사건,0.7738952510031151,76301
상속 및 재산 평가,상속세,2002두11196,상속세부과처분취소,0.7630826863930269,83359
상속 및 재산 평가,상속세,82구834,상속세부과처분취소청구사건,0.7623429227701708,75515
상속 및 재산 평가,상속세,84구128,상속세등부과처분취소,0.7610601512938996,224037
상속 및 재산 평가,상속세,83구582,행정처분무효확인,0.7581132997676274,75816
상속 및 재산 평가,상속세,93구18442,상속세등부과처분취소청구사건,0.7579577718228727,119766
상속 및 재산 평가,상속세,2004누6039,손해배상(기),0.7504469795052531,77945
상속 및 재산 평가,상속세,94누15929,상속세등부과처분취소,0.7500556562580923,199321
부동산 소유권 및 취득,점유,85나14,,0.7483389510666429,76241
부동산 소유권 및 취득,점유,"66다600,601",소유권이전등기말소등,0.7144118048145282,163590
부동산 소유권 및 취득,점유,67다1844,손해배상청구사건,0.6976672351377731,156418
부동산 소유권 및 취득,점유,2014다21649,소유권이전등기절차이행청구권,0.6934883587344693,177633
부동산 소유권 및 취득,점유,98다10618,양도소득세부과처분취소,0.6922481826578313,196222
부동산 소유권 및 취득,점유,78나807,분묘굴이청구사건,0.6896504238124079,74637
부동산 소유권 및 취득,점유,90다14225,상표등록취소,0.6878150828368872,205227
부동산 소유권 및 취득,점유,75나1458,부동산소유권이전등기말소청구사건,0.6872034283772306,73968
부동산 소유권 및 취득,점유,2005다12704,예금반환·예금,0.6863810317115497,67603
부동산 소유권 및 취득,점유,97다37661,대여금·구상금,0.6846856489949352,229797
부동산 소유권 및 취득,토지,85나14,,0.7483389510666429,76241
부동산 소유권 및 취득,토지,"66다600,601",소유권이전등기말소등,0.7144118048145282,163590
부동산 소유권 및 취득,토지,67다1844,손해배상청구사건,0.6976672351377731,156418
부동산 소유권 및 취득,토지,2014다21649,소유권이전등기절차이행청구권,0.6934883587344693,177633
부동산 소유권 및 취득,토지,98다10618,양도소득세부과처분취소,0.6922481826578313,196222
부동산 소유권 및 취득,토지,78나807,분묘굴이청구사건,0.6896504238124079,74637
부동산 소유권 및 취득,토지,90다14225,상표등록취소,0.6878150828368872,205227
부동산 소유권 및 취득,토지,75나1458,부동산소유권이전등기말소청구사건,0.6872034283772306,73968
부동산 소유권 및 취득,토지,2005다12704,예금반환·예금,0.6863810317115497,67603
부동산 소유권 및 취득,토지,97다37661,대여금·구상금,0.6846856489949352,229797
부동산 소유권 및 취득,취득시효,85나14,,0.7483389510666429,76241
부동산 소유권 및 취득,취득시효,"66다600,601",소유권이전등기말소등,0.7144118048145282,163590
부동산 소유권 및 취득,취득시효,67다1844,손해배상청구사건,0.6976672351377731,156418
부동산 소유권 및 취득,취득시효,2014다21649,소유권이전등기절차이행청구권,0.6934883587344693,177633
부동산 소유권 및 취득,취득시효,98다10618,양도소득세부과처분취소,0.6922481826578313,196222
부동산 소유권 및 취득,취득시효,78나807,분묘굴이청구사건,0.6896504238124079,74637
부동산 소유권 및 취득,취득시효,90다14225,상표등록취소,0.6878150828368872,205227
부동산 소유권 및 취득,취득시효,75나1458,부동산소유권이전등기말소청구사건,0.6872034283772306,73968
부동산 소유권 및 취득,취득시효,2005다12704,예금반환·예금,0.6863810317115497,67603
부동산 소유권 및 취득,취득시효,97다37661,대여금·구상금,0.6846856489949352,229797
부동산 소유권 및 취득,등기,85나14,,0.7483389510666429,76241
부동산 소유권 및 취득,등기,"66다600,601",소유권이전등기말소등,0.7144118048145282,163590
부동산 소유권 및 취득,등기,67다1844,손해배상청구사건,0.6976672351377731,156418
부동산 소유권 및 취득,등기,2014다21649,소유권이전등기절차이행청구권,0.6934883587344693,177633
부동산 소유권 및 취득,등기,98다10618,양도소득세부과처분취소,0.6922481826578313,196222
부동산 소유권 및 취득,등기,78나807,분묘굴이청구사건,0.6896504238124079,74637
부동산 소유권 및 취득,등기,90다14225,상표등록취소,0.6878150828368872,205227
부동산 소유권 및 취득,등기,75나1458,부동산소유권이전등기말소청구사건,0.6872034283772306,73968
부동산 소유권 및 취득,등기,2005다12704,예금반환·예금,0.6863810317115497,67603
부동산 소유권 및 취득,등기,97다37661,대여금·구상금,0.6846856489949352,229797
부동산 소유권 및 취득,소유권,85나14,,0.7483389510666429,76241
부동산 소유권 및 취득,소유권,"66다600,601",소유권이전등기말소등,0.7144118048145282,163590
부동산 소유권 및 취득,소유권,67다1844,손해배상청구사건,0.6976672351377731,156418
부동산 소유권 및 취득,소유권,2014다21649,소유권이전등기절차이행청구권,0.6934883587344693,177633
부동산 소유권 및 취득,소유권,98다10618,양도소득세부과처분취소,0.6922481826578313,196222
부동산 소유권 및 취득,소유권,78나807,분묘굴이청구사건,0.6896504238124079,74637
부동산 소유권 및 취득,소유권,90다14225,상표등록취소,0.6878150828368872,205227
부동산 소유권 및 취득,소유권,75나1458,부동산소유권이전등기말소청구사건,0.6872034283772306,73968
부동산 소유권 및 취득,소유권,2005다12704,예금반환·예금,0.6863810317115497,67603
부동산 소유권 및 취득,소유권,97다37661,대여금·구상금,0.6846856489949352,229797
부동산 소유권 및 취득,완성,85나14,,0.7483389510666429,76241
부동산 소유권 및 취득,완성,"66다600,601",소유권이전등기말소등,0.7144118048145282,163590
부동산 소유권 및 취득,완성,67다1844,손해배상청구사건,0.6976672351377731,156418
부동산 소유권 및 취득,완성,2014다21649,소유권이전등기절차이행청구권,0.6934883587344693,177633
부동산 소유권 및 취득,완성,98다10618,양도소득세부과처분취소,0.6922481826578313,196222
부동산 소유권 및 취득,완성,78나807,분묘굴이청구사건,0.6896504238124079,74637
부동산 소유권 및 취득,완성,90다14225,상표등록취소,0.6878150828368872,205227
부동산 소유권 및 취득,완성,75나1458,부동산소유권이전등기말소청구사건,0.6872034283772306,73968
부동산 소유권 및 취득,완성,2005다12704,예금반환·예금,0.6863810317115497,67603
부동산 소유권 및 취득,완성,97다37661,대여금·구상금,0.6846856489949352,229797
부동산 소유권 및 취득,자주,85나14,,0.7483389510666429,76241
부동산 소유권 및 취득,자주,"66다600,601",소유권이전등기말소등,0.7144118048145282,163590
부동산 소유권 및 취득,자주,67다1844,손해배상청구사건,0.6976672351377731,156418
부동산 소유권 및 취득,자주,2014다21649,소유권이전등기절차이행청구권,0.6934883587344693,177633
부동산 소유권 및 취득,자주,98다10618,양도소득세부과처분취소,0.6922481826578313,196222
부동산 소유권 및 취득,자주,78나807,분묘굴이청구사건,0.6896504238124079,74637
부동산 소유권 및 취득,자주,90다14225,상표등록취소,0.6878150828368872,205227
부동산 소유권 및 취득,자주,75나1458,부동산소유권이전등기말소청구사건,0.6872034283772306,73968
부동산 소유권 및 취득,자주,2005다12704,예금반환·예금,0.6863810317115497,67603
부동산 소유권 및 취득,자주,97다37661,대여금·구상금,0.6846856489949352,229797
부동산 소유권 및 취득,부동산,85나14,,0.7483389510666429,76241
부동산 소유권 및 취득,부동산,"66다600,601",소유권이전등기말소등,0.7144118048145282,163590
부동산 소유권 및 취득,부동산,67다1844,손해배상청구사건,0.6976672351377731,156418
부동산 소유권 및 취득,부동산,2014다21649,소유권이전등기절차이행청구권,0.6934883587344693,177633
부동산 소유권 및 취득,부동산,98다10618,양도소득세부과처분취소,0.6922481826578313,196222
부동산 소유권 및 취득,부동산,78나807,분묘굴이청구사건,0.6896504238124079,74637
부동산 소유권 및 취득,부동산,90다14225,상표등록취소,0.6878150828368872,205227
부동산 소유권 및 취득,부동산,75나1458,부동산소유권이전등기말소청구사건,0.6872034283772306,73968
부동산 소유권 및 취득,부동산,2005다12704,예금반환·예금,0.6863810317115497,67603
부동산 소유권 및 취득,부동산,97다37661,대여금·구상금,0.6846856489949352,229797
부동산 소유권 및 취득,취득,85나14,,0.7483389510666429,76241
부동산 소유권 및 취득,취득,"66다600,601",소유권이전등기말소등,0.7144118048145282,163590
부동산 소유권 및 취득,취득,67다1844,손해배상청구사건,0.6976672351377731,156418
부동산 소유권 및 취득,취득,2014다21649,소유권이전등기절차이행청구권,0.6934883587344693,177633
부동산 소유권 및 취득,취득,98다10618,양도소득세부과처분취소,0.6922481826578313,196222
부동산 소유권 및 취득,취득,78나807,분묘굴이청구사건,0.6896504238124079,74637
부동산 소유권 및 취득,취득,90다14225,상표등록취소,0.6878150828368872,205227
부동산 소유권 및 취득,취득,75나1458,부동산소유권이전등기말소청구사건,0.6872034283772306,73968
부동산 소유권 및 취득,취득,2005다12704,예금반환·예금,0.6863810317115497,67603
부동산 소유권 및 취득,취득,97다37661,대여금·구상금,0.6846856489949352,229797
부동산 소유권 및 취득,의사,85나14,,0.7483389510666429,76241
부동산 소유권 및 취득,의사,"66다600,601",소유권이전등기말소등,0.7144118048145282,163590
부동산 소유권 및 취득,의사,67다1844,손해배상청구사건,0.6976672351377731,156418
부동산 소유권 및 취득,의사,2014다21649,소유권이전등기절차이행청구권,0.6934883587344693,177633
부동산 소유권 및 취득,의사,98다10618,양도소득세부과처분취소,0.6922481826578313,196222
부동산 소유권 및 취득,의사,78나807,분묘굴이청구사건,0.6896504238124079,74637
부동산 소유권 및 취득,의사,90다14225,상표등록취소,0.6878150828368872,205227
부동산 소유권 및 취득,의사,75나1458,부동산소유권이전등기말소청구사건,0.6872034283772306,73968
부동산 소유권 및 취득,의사,2005다12704,예금반환·예금,0.6863810317115497,67603
부동산 소유권 및 취득,의사,97다37661,대여금·구상금,0.6846856489949352,229797
부동산 상속 및 사망 관련,신청,2018나2006493,유해인도,0.7220715770686379,235043
부동산 상속 및 사망 관련,신청,2009브23,상속한정승인결정에대한즉시항고,0.6982871728380536,140697
부동산 상속 및 사망 관련,신청,2018두32927,취득세등경정청구거부처분취소,0.6954706565411227,226037
부동산 상속 및 사망 관련,신청,2012나9392,소송비용,0.6878994697405538,171367
부동산 상속 및 사망 관련,신청,2010다27793,손해배상(의),0.6870894038888011,146660
부동산 상속 및 사망 관련,신청,2021나31998,공유물분할,0.6796084861867973,236057
부동산 상속 및 사망 관련,신청,2001가합71687,구상금,0.6763028805463802,71607
부동산 상속 및 사망 관련,신청,89누5577,상속세등부과처분취소,0.674848826402242,106095
부동산 상속 및 사망 관련,신청,(창원)2012누1580,,0.6726829153329428,176241
부동산 상속 및 사망 관련,신청,80스44,토지인도등,0.6711949654717468,240527
부동산 상속 및 사망 관련,상속,2018나2006493,유해인도,0.7220715770686379,235043
부동산 상속 및 사망 관련,상속,2009브23,상속한정승인결정에대한즉시항고,0.6982871728380536,140697
부동산 상속 및 사망 관련,상속,2018두32927,취득세등경정청구거부처분취소,0.6954706565411227,226037
부동산 상속 및 사망 관련,상속,2012나9392,소송비용,0.6878994697405538,171367
부동산 상속 및 사망 관련,상속,2010다27793,손해배상(의),0.6870894038888011,146660
부동산 상속 및 사망 관련,상속,2021나31998,공유물분할,0.6796084861867973,236057
부동산 상속 및 사망 관련,상속,2001가합71687,구상금,0.6763028805463802,71607
부동산 상속 및 사망 관련,상속,89누5577,상속세등부과처분취소,0.674848826402242,106095
부동산 상속 및 사망 관련,상속,(창원)2012누1580,,0.6726829153329428,176241
부동산 상속 및 사망 관련,상속,80스44,토지인도등,0.6711949654717468,240527
부동산 상속 및 사망 관련,부동산,2018나2006493,유해인도,0.7220715770686379,235043
부동산 상속 및 사망 관련,부동산,2009브23,상속한정승인결정에대한즉시항고,0.6982871728380536,140697
부동산 상속 및 사망 관련,부동산,2018두32927,취득세등경정청구거부처분취소,0.6954706565411227,226037
부동산 상속 및 사망 관련,부동산,2012나9392,소송비용,0.6878994697405538,171367
부동산 상속 및 사망 관련,부동산,2010다27793,손해배상(의),0.6870894038888011,146660
부동산 상속 및 사망 관련,부동산,2021나31998,공유물분할,0.6796084861867973,236057
부동산 상속 및 사망 관련,부동산,2001가합71687,구상금,0.6763028805463802,71607
부동산 상속 및 사망 관련,부동산,89누5577,상속세등부과처분취소,0.674848826402242,106095
부동산 상속 및 사망 관련,부동산,(창원)2012누1580,,0.6726829153329428,176241
부동산 상속 및 사망 관련,부동산,80스44,토지인도등,0.6711949654717468,240527
부동산 상속 및 사망 관련,주택,2018나2006493,유해인도,0.7220715770686379,235043
부동산 상속 및 사망 관련,주택,2009브23,상속한정승인결정에대한즉시항고,0.6982871728380536,140697
부동산 상속 및 사망 관련,주택,2018두32927,취득세등경정청구거부처분취소,0.6954706565411227,226037
부동산 상속 및 사망 관련,주택,2012나9392,소송비용,0.6878994697405538,171367
부동산 상속 및 사망 관련,주택,2010다27793,손해배상(의),0.6870894038888011,146660
부동산 상속 및 사망 관련,주택,2021나31998,공유물분할,0.6796084861867973,236057
부동산 상속 및 사망 관련,주택,2001가합71687,구상금,0.6763028805463802,71607
부동산 상속 및 사망 관련,주택,89누5577,상속세등부과처분취소,0.674848826402242,106095
부동산 상속 및 사망 관련,주택,(창원)2012누1580,,0.6726829153329428,176241
부동산 상속 및 사망 관련,주택,80스44,토지인도등,0.6711949654717468,240527
부동산 상속 및 사망 관련,사망,2018나2006493,유해인도,0.7220715770686379,235043
부동산 상속 및 사망 관련,사망,2009브23,상속한정승인결정에대한즉시항고,0.6982871728380536,140697
부동산 상속 및 사망 관련,사망,2018두32927,취득세등경정청구거부처분취소,0.6954706565411227,226037
부동산 상속 및 사망 관련,사망,2012나9392,소송비용,0.6878994697405538,171367
부동산 상속 및 사망 관련,사망,2010다27793,손해배상(의),0.6870894038888011,146660
부동산 상속 및 사망 관련,사망,2021나31998,공유물분할,0.6796084861867973,236057
부동산 상속 및 사망 관련,사망,2001가합71687,구상금,0.6763028805463802,71607
부동산 상속 및 사망 관련,사망,89누5577,상속세등부과처분취소,0.674848826402242,106095
부동산 상속 및 사망 관련,사망,(창원)2012누1580,,0.6726829153329428,176241
부동산 상속 및 사망 관련,사망,80스44,토지인도등,0.6711949654717468,240527
부동산 상속 및 사망 관련,건물,2018나2006493,유해인도,0.7220715770686379,235043
부동산 상속 및 사망 관련,건물,2009브23,상속한정승인결정에대한즉시항고,0.6982871728380536,140697
부동산 상속 및 사망 관련,건물,2018두32927,취득세등경정청구거부처분취소,0.6954706565411227,226037
부동산 상속 및 사망 관련,건물,2012나9392,소송비용,0.6878994697405538,171367
부동산 상속 및 사망 관련,건물,2010다27793,손해배상(의),0.6870894038888011,146660
부동산 상속 및 사망 관련,건물,2021나31998,공유물분할,0.6796084861867973,236057
부동산 상속 및 사망 관련,건물,2001가합71687,구상금,0.6763028805463802,71607
부동산 상속 및 사망 관련,건물,89누5577,상속세등부과처분취소,0.674848826402242,106095
부동산 상속 및 사망 관련,건물,(창원)2012누1580,,0.6726829153329428,176241
부동산 상속 및 사망 관련,건물,80스44,토지인도등,0.6711949654717468,240527
부동산 상속 및 사망 관련,계약,2018나2006493,유해인도,0.7220715770686379,235043
부동산 상속 및 사망 관련,계약,2009브23,상속한정승인결정에대한즉시항고,0.6982871728380536,140697
부동산 상속 및 사망 관련,계약,2018두32927,취득세등경정청구거부처분취소,0.6954706565411227,226037
부동산 상속 및 사망 관련,계약,2012나9392,소송비용,0.6878994697405538,171367
부동산 상속 및 사망 관련,계약,2010다27793,손해배상(의),0.6870894038888011,146660
부동산 상속 및 사망 관련,계약,2021나31998,공유물분할,0.6796084861867973,236057
부동산 상속 및 사망 관련,계약,2001가합71687,구상금,0.6763028805463802,71607
부동산 상속 및 사망 관련,계약,89누5577,상속세등부과처분취소,0.674848826402242,106095
부동산 상속 및 사망 관련,계약,(창원)2012누1580,,0.6726829153329428,176241
부동산 상속 및 사망 관련,계약,80스44,토지인도등,0.6711949654717468,240527
부동산 상속 및 사망 관련,회사,2018나2006493,유해인도,0.7220715770686379,235043
부동산 상속 및 사망 관련,회사,2009브23,상속한정승인결정에대한즉시항고,0.6982871728380536,140697
부동산 상속 및 사망 관련,회사,2018두32927,취득세등경정청구거부처분취소,0.6954706565411227,226037
부동산 상속 및 사망 관련,회사,2012나9392,소송비용,0.6878994697405538,171367
부동산 상속 및 사망 관련,회사,2010다27793,손해배상(의),0.6870894038888011,146660
부동산 상속 및 사망 관련,회사,2021나31998,공유물분할,0.6796084861867973,236057
부동산 상속 및 사망 관련,회사,2001가합71687,구상금,0.6763028805463802,71607
부동산 상속 및 사망 관련,회사,89누5577,상속세등부과처분취소,0.674848826402242,106095
부동산 상속 및 사망 관련,회사,(창원)2012누1580,,0.6726829153329428,176241
부동산 상속 및 사망 관련,회사,80스44,토지인도등,0.6711949654717468,240527
부동산 상속 및 사망 관련,재산,2018나2006493,유해인도,0.7220715770686379,235043
부동산 상속 및 사망 관련,재산,2009브23,상속한정승인결정에대한즉시항고,0.6982871728380536,140697
부동산 상속 및 사망 관련,재산,2018두32927,취득세등경정청구거부처분취소,0.6954706565411227,226037
부동산 상속 및 사망 관련,재산,2012나9392,소송비용,0.6878994697405538,171367
부동산 상속 및 사망 관련,재산,2010다27793,손해배상(의),0.6870894038888011,146660
부동산 상속 및 사망 관련,재산,2021나31998,공유물분할,0.6796084861867973,236057
부동산 상속 및 사망 관련,재산,2001가합71687,구상금,0.6763028805463802,71607
부동산 상속 및 사망 관련,재산,89누5577,상속세등부과처분취소,0.674848826402242,106095
부동산 상속 및 사망 관련,재산,(창원)2012누1580,,0.6726829153329428,176241
부동산 상속 및 사망 관련,재산,80스44,토지인도등,0.6711949654717468,240527
부동산 상속 및 사망 관련,호주,2018나2006493,유해인도,0.7220715770686379,235043
부동산 상속 및 사망 관련,호주,2009브23,상속한정승인결정에대한즉시항고,0.6982871728380536,140697
부동산 상속 및 사망 관련,호주,2018두32927,취득세등경정청구거부처분취소,0.6954706565411227,226037
부동산 상속 및 사망 관련,호주,2012나9392,소송비용,0.6878994697405538,171367
부동산 상속 및 사망 관련,호주,2010다27793,손해배상(의),0.6870894038888011,146660
부동산 상속 및 사망 관련,호주,2021나31998,공유물분할,0.6796084861867973,236057
부동산 상속 및 사망 관련,호주,2001가합71687,구상금,0.6763028805463802,71607
부동산 상속 및 사망 관련,호주,89누5577,상속세등부과처분취소,0.674848826402242,106095
부동산 상속 및 사망 관련,호주,(창원)2012누1580,,0.6726829153329428,176241
부동산 상속 및 사망 관련,호주,80스44,토지인도등,0.6711949654717468,240527
부동산 등기 및 소유권 이전,등기,2016가합200176,소유권말소등기,0.7508526569193478,206229
부동산 등기 및 소유권 이전,등기,93나2993,소유권보존등기말소,0.7470366399352264,227353
부동산 등기 및 소유권 이전,등기,91나5561,손해배상(기),0.7461471673546058,227623
부동산 등기 및 소유권 이전,등기,75나499,,0.7436805813559619,74029
부동산 등기 및 소유권 이전,등기,83나287,소유권이전등기,0.7436608639494341,75725
부동산 등기 및 소유권 이전,등기,73나1706,손해배상청구사건,0.7363782959577918,235817
부동산 등기 및 소유권 이전,등기,82구324,양도소득세부과처분취소,0.7360128798760625,75507
부동산 등기 및 소유권 이전,등기,85나368,양도소득세부과처분취소,0.7354101613708403,76654
부동산 등기 및 소유권 이전,등기,2007가단1612,소유권이전등기,0.7350223833131659,163915
부동산 등기 및 소유권 이전,등기,99나6967,경계확정,0.7319857586642433,71379
부동산 등기 및 소유권 이전,임야,2016가합200176,소유권말소등기,0.7508526569193478,206229
부동산 등기 및 소유권 이전,임야,93나2993,소유권보존등기말소,0.7470366399352264,227353
부동산 등기 및 소유권 이전,임야,91나5561,손해배상(기),0.7461471673546058,227623
부동산 등기 및 소유권 이전,임야,75나499,,0.7436805813559619,74029
부동산 등기 및 소유권 이전,임야,83나287,소유권이전등기,0.7436608639494341,75725
부동산 등기 및 소유권 이전,임야,73나1706,손해배상청구사건,0.7363782959577918,235817
부동산 등기 및 소유권 이전,임야,82구324,양도소득세부과처분취소,0.7360128798760625,75507
부동산 등기 및 소유권 이전,임야,85나368,양도소득세부과처분취소,0.7354101613708403,76654
부동산 등기 및 소유권 이전,임야,2007가단1612,소유권이전등기,0.7350223833131659,163915
부동산 등기 및 소유권 이전,임야,99나6967,경계확정,0.7319857586642433,71379
부동산 등기 및 소유권 이전,소유권,2016가합200176,소유권말소등기,0.7508526569193478,206229
부동산 등기 및 소유권 이전,소유권,93나2993,소유권보존등기말소,0.7470366399352264,227353
부동산 등기 및 소유권 이전,소유권,91나5561,손해배상(기),0.7461471673546058,227623
부동산 등기 및 소유권 이전,소유권,75나499,,0.7436805813559619,74029
부동산 등기 및 소유권 이전,소유권,83나287,소유권이전등기,0.7436608639494341,75725
부동산 등기 및 소유권 이전,소유권,73나1706,손해배상청구사건,0.7363782959577918,235817
부동산 등기 및 소유권 이전,소유권,82구324,양도소득세부과처분취소,0.7360128798760625,75507
부동산 등기 및 소유권 이전,소유권,85나368,양도소득세부과처분취소,0.7354101613708403,76654
부동산 등기 및 소유권 이전,소유권,2007가단1612,소유권이전등기,0.7350223833131659,163915
부동산 등기 및 소유권 이전,소유권,99나6967,경계확정,0.7319857586642433,71379
부동산 등기 및 소유권 이전,부동산,2016가합200176,소유권말소등기,0.7508526569193478,206229
부동산 등기 및 소유권 이전,부동산,93나2993,소유권보존등기말소,0.7470366399352264,227353
부동산 등기 및 소유권 이전,부동산,91나5561,손해배상(기),0.7461471673546058,227623
부동산 등기 및 소유권 이전,부동산,75나499,,0.7436805813559619,74029
부동산 등기 및 소유권 이전,부동산,83나287,소유권이전등기,0.7436608639494341,75725
부동산 등기 및 소유권 이전,부동산,73나1706,손해배상청구사건,0.7363782959577918,235817
부동산 등기 및 소유권 이전,부동산,82구324,양도소득세부과처분취소,0.7360128798760625,75507
부동산 등기 및 소유권 이전,부동산,85나368,양도소득세부과처분취소,0.7354101613708403,76654
부동산 등기 및 소유권 이전,부동산,2007가단1612,소유권이전등기,0.7350223833131659,163915
부동산 등기 및 소유권 이전,부동산,99나6967,경계확정,0.7319857586642433,71379
부동산 등기 및 소유권 이전,이전,2016가합200176,소유권말소등기,0.7508526569193478,206229
부동산 등기 및 소유권 이전,이전,93나2993,소유권보존등기말소,0.7470366399352264,227353
부동산 등기 및 소유권 이전,이전,91나5561,손해배상(기),0.7461471673546058,227623
부동산 등기 및 소유권 이전,이전,75나499,,0.7436805813559619,74029
부동산 등기 및 소유권 이전,이전,83나287,소유권이전등기,0.7436608639494341,75725
부동산 등기 및 소유권 이전,이전,73나1706,손해배상청구사건,0.7363782959577918,235817
부동산 등기 및 소유권 이전,이전,82구324,양도소득세부과처분취소,0.7360128798760625,75507
부동산 등기 및 소유권 이전,이전,85나368,양도소득세부과처분취소,0.7354101613708403,76654
부동산 등기 및 소유권 이전,이전,2007가단1612,소유권이전등기,0.7350223833131659,163915
부동산 등기 및 소유권 이전,이전,99나6967,경계확정,0.7319857586642433,71379
부동산 등기 및 소유권 이전,명의,2016가합200176,소유권말소등기,0.7508526569193478,206229
부동산 등기 및 소유권 이전,명의,93나2993,소유권보존등기말소,0.7470366399352264,227353
부동산 등기 및 소유권 이전,명의,91나5561,손해배상(기),0.7461471673546058,227623
부동산 등기 및 소유권 이전,명의,75나499,,0.7436805813559619,74029
부동산 등기 및 소유권 이전,명의,83나287,소유권이전등기,0.7436608639494341,75725
부동산 등기 및 소유권 이전,명의,73나1706,손해배상청구사건,0.7363782959577918,235817
부동산 등기 및 소유권 이전,명의,82구324,양도소득세부과처분취소,0.7360128798760625,75507
부동산 등기 및 소유권 이전,명의,85나368,양도소득세부과처분취소,0.7354101613708403,76654
부동산 등기 및 소유권 이전,명의,2007가단1612,소유권이전등기,0.7350223833131659,163915
부동산 등기 및 소유권 이전,명의,99나6967,경계확정,0.7319857586642433,71379
부동산 등기 및 소유권 이전,원인,2016가합200176,소유권말소등기,0.7508526569193478,206229
부동산 등기 및 소유권 이전,원인,93나2993,소유권보존등기말소,0.7470366399352264,227353
부동산 등기 및 소유권 이전,원인,91나5561,손해배상(기),0.7461471673546058,227623
부동산 등기 및 소유권 이전,원인,75나499,,0.7436805813559619,74029
부동산 등기 및 소유권 이전,원인,83나287,소유권이전등기,0.7436608639494341,75725
부동산 등기 및 소유권 이전,원인,73나1706,손해배상청구사건,0.7363782959577918,235817
부동산 등기 및 소유권 이전,원인,82구324,양도소득세부과처분취소,0.7360128798760625,75507
부동산 등기 및 소유권 이전,원인,85나368,양도소득세부과처분취소,0.7354101613708403,76654
부동산 등기 및 소유권 이전,원인,2007가단1612,소유권이전등기,0.7350223833131659,163915
부동산 등기 및 소유권 이전,원인,99나6967,경계확정,0.7319857586642433,71379
부동산 등기 및 소유권 이전,상속,2016가합200176,소유권말소등기,0.7508526569193478,206229
부동산 등기 및 소유권 이전,상속,93나2993,소유권보존등기말소,0.7470366399352264,227353
부동산 등기 및 소유권 이전,상속,91나5561,손해배상(기),0.7461471673546058,227623
부동산 등기 및 소유권 이전,상속,75나499,,0.7436805813559619,74029
부동산 등기 및 소유권 이전,상속,83나287,소유권이전등기,0.7436608639494341,75725
부동산 등기 및 소유권 이전,상속,73나1706,손해배상청구사건,0.7363782959577918,235817
부동산 등기 및 소유권 이전,상속,82구324,양도소득세부과처분취소,0.7360128798760625,75507
부동산 등기 및 소유권 이전,상속,85나368,양도소득세부과처분취소,0.7354101613708403,76654
부동산 등기 및 소유권 이전,상속,2007가단1612,소유권이전등기,0.7350223833131659,163915
부동산 등기 및 소유권 이전,상속,99나6967,경계확정,0.7319857586642433,71379
부동산 등기 및 소유권 이전,명의신탁,2016가합200176,소유권말소등기,0.7508526569193478,206229
부동산 등기 및 소유권 이전,명의신탁,93나2993,소유권보존등기말소,0.7470366399352264,227353
부동산 등기 및 소유권 이전,명의신탁,91나5561,손해배상(기),0.7461471673546058,227623
부동산 등기 및 소유권 이전,명의신탁,75나499,,0.7436805813559619,74029
부동산 등기 및 소유권 이전,명의신탁,83나287,소유권이전등기,0.7436608639494341,75725
부동산 등기 및 소유권 이전,명의신탁,73나1706,손해배상청구사건,0.7363782959577918,235817
부동산 등기 및 소유권 이전,명의신탁,82구324,양도소득세부과처분취소,0.7360128798760625,75507
부동산 등기 및 소유권 이전,명의신탁,85나368,양도소득세부과처분취소,0.7354101613708403,76654
부동산 등기 및 소유권 이전,명의신탁,2007가단1612,소유권이전등기,0.7350223833131659,163915
부동산 등기 및 소유권 이전,명의신탁,99나6967,경계확정,0.7319857586642433,71379
부동산 등기 및 소유권 이전,토지,2016가합200176,소유권말소등기,0.7508526569193478,206229
부동산 등기 및 소유권 이전,토지,93나2993,소유권보존등기말소,0.7470366399352264,227353
부동산 등기 및 소유권 이전,토지,91나5561,손해배상(기),0.7461471673546058,227623
부동산 등기 및 소유권 이전,토지,75나499,,0.7436805813559619,74029
부동산 등기 및 소유권 이전,토지,83나287,소유권이전등기,0.7436608639494341,75725
부동산 등기 및 소유권 이전,토지,73나1706,손해배상청구사건,0.7363782959577918,235817
부동산 등기 및 소유권 이전,토지,82구324,양도소득세부과처분취소,0.7360128798760625,75507
부동산 등기 및 소유권 이전,토지,85나368,양도소득세부과처분취소,0.7354101613708403,76654
부동산 등기 및 소유권 이전,토지,2007가단1612,소유권이전등기,0.7350223833131659,163915
부동산 등기 및 소유권 이전,토지,99나6967,경계확정,0.7319857586642433,71379
손해배상 및 사망 보상,망인,2005가합3568,소유권이전등기,0.726286027842078,70453
손해배상 및 사망 보상,망인,80나4240,공유임야분할등,0.7225143918590409,237835
손해배상 및 사망 보상,망인,69나3168,건물명도청구사건,0.7184982572284178,233205
손해배상 및 사망 보상,망인,89가합23073,소유권이전등기말소,0.7179687383428963,118939
손해배상 및 사망 보상,망인,86나173,소유권이전증기말소청구사건,0.7165839011299606,76501
손해배상 및 사망 보상,망인,98나3390,소유권이전등기,0.7150599671326596,221495
손해배상 및 사망 보상,망인,68나2007,토지소유권확인청구사건,0.7144824667571674,72751
손해배상 및 사망 보상,망인,"2011가합105381, 105398, 105404, 105411",,0.7142311021689461,185591
손해배상 및 사망 보상,망인,2020나10622,손해배상(기),0.710927873431441,220963
손해배상 및 사망 보상,망인,80나208,건물수거등청구사건,0.7103907714506364,74883
손해배상 및 사망 보상,손해,2005가합3568,소유권이전등기,0.726286027842078,70453
손해배상 및 사망 보상,손해,80나4240,공유임야분할등,0.7225143918590409,237835
손해배상 및 사망 보상,손해,69나3168,건물명도청구사건,0.7184982572284178,233205
손해배상 및 사망 보상,손해,89가합23073,소유권이전등기말소,0.7179687383428963,118939
손해배상 및 사망 보상,손해,86나173,소유권이전증기말소청구사건,0.7165839011299606,76501
손해배상 및 사망 보상,손해,98나3390,소유권이전등기,0.7150599671326596,221495
손해배상 및 사망 보상,손해,68나2007,토지소유권확인청구사건,0.7144824667571674,72751
손해배상 및 사망 보상,손해,"2011가합105381, 105398, 105404, 105411",,0.7142311021689461,185591
손해배상 및 사망 보상,손해,2020나10622,손해배상(기),0.710927873431441,220963
손해배상 및 사망 보상,손해,80나208,건물수거등청구사건,0.7103907714506364,74883
손해배상 및 사망 보상,차량,2005가합3568,소유권이전등기,0.726286027842078,70453
손해배상 및 사망 보상,차량,80나4240,공유임야분할등,0.7225143918590409,237835
손해배상 및 사망 보상,차량,69나3168,건물명도청구사건,0.7184982572284178,233205
손해배상 및 사망 보상,차량,89가합23073,소유권이전등기말소,0.7179687383428963,118939
손해배상 및 사망 보상,차량,86나173,소유권이전증기말소청구사건,0.7165839011299606,76501
손해배상 및 사망 보상,차량,98나3390,소유권이전등기,0.7150599671326596,221495
손해배상 및 사망 보상,차량,68나2007,토지소유권확인청구사건,0.7144824667571674,72751
손해배상 및 사망 보상,차량,"2011가합105381, 105398, 105404, 105411",,0.7142311021689461,185591
손해배상 및 사망 보상,차량,2020나10622,손해배상(기),0.710927873431441,220963
손해배상 및 사망 보상,차량,80나208,건물수거등청구사건,0.7103907714506364,74883
손해배상 및 사망 보상,위자료,2005가합3568,소유권이전등기,0.726286027842078,70453
손해배상 및 사망 보상,위자료,80나4240,공유임야분할등,0.7225143918590409,237835
손해배상 및 사망 보상,위자료,69나3168,건물명도청구사건,0.7184982572284178,233205
손해배상 및 사망 보상,위자료,89가합23073,소유권이전등기말소,0.7179687383428963,118939
손해배상 및 사망 보상,위자료,86나173,소유권이전증기말소청구사건,0.7165839011299606,76501
손해배상 및 사망 보상,위자료,98나3390,소유권이전등기,0.7150599671326596,221495
손해배상 및 사망 보상,위자료,68나2007,토지소유권확인청구사건,0.7144824667571674,72751
손해배상 및 사망 보상,위자료,"2011가합105381, 105398, 105404, 105411",,0.7142311021689461,185591
손해배상 및 사망 보상,위자료,2020나10622,손해배상(기),0.710927873431441,220963
손해배상 및 사망 보상,위자료,80나208,건물수거등청구사건,0.7103907714506364,74883
손해배상 및 사망 보상,지급,2005가합3568,소유권이전등기,0.726286027842078,70453
손해배상 및 사망 보상,지급,80나4240,공유임야분할등,0.7225143918590409,237835
손해배상 및 사망 보상,지급,69나3168,건물명도청구사건,0.7184982572284178,233205
손해배상 및 사망 보상,지급,89가합23073,소유권이전등기말소,0.7179687383428963,118939
손해배상 및 사망 보상,지급,86나173,소유권이전증기말소청구사건,0.7165839011299606,76501
손해배상 및 사망 보상,지급,98나3390,소유권이전등기,0.7150599671326596,221495
손해배상 및 사망 보상,지급,68나2007,토지소유권확인청구사건,0.7144824667571674,72751
손해배상 및 사망 보상,지급,"2011가합105381, 105398, 105404, 105411",,0.7142311021689461,185591
손해배상 및 사망 보상,지급,2020나10622,손해배상(기),0.710927873431441,220963
손해배상 및 사망 보상,지급,80나208,건물수거등청구사건,0.7103907714506364,74883
손해배상 및 사망 보상,손해배상,2005가합3568,소유권이전등기,0.726286027842078,70453
손해배상 및 사망 보상,손해배상,80나4240,공유임야분할등,0.7225143918590409,237835
손해배상 및 사망 보상,손해배상,69나3168,건물명도청구사건,0.7184982572284178,233205
손해배상 및 사망 보상,손해배상,89가합23073,소유권이전등기말소,0.7179687383428963,118939
손해배상 및 사망 보상,손해배상,86나173,소유권이전증기말소청구사건,0.7165839011299606,76501
손해배상 및 사망 보상,손해배상,98나3390,소유권이전등기,0.7150599671326596,221495
손해배상 및 사망 보상,손해배상,68나2007,토지소유권확인청구사건,0.7144824667571674,72751
손해배상 및 사망 보상,손해배상,"2011가합105381, 105398, 105404, 105411",,0.7142311021689461,185591
손해배상 및 사망 보상,손해배상,2020나10622,손해배상(기),0.710927873431441,220963
손해배상 및 사망 보상,손해배상,80나208,건물수거등청구사건,0.7103907714506364,74883
손해배상 및 사망 보상,사망,2005가합3568,소유권이전등기,0.726286027842078,70453
손해배상 및 사망 보상,사망,80나4240,공유임야분할등,0.7225143918590409,237835
손해배상 및 사망 보상,사망,69나3168,건물명도청구사건,0.7184982572284178,233205
손해배상 및 사망 보상,사망,89가합23073,소유권이전등기말소,0.7179687383428963,118939
손해배상 및 사망 보상,사망,86나173,소유권이전증기말소청구사건,0.7165839011299606,76501
손해배상 및 사망 보상,사망,98나3390,소유권이전등기,0.7150599671326596,221495
손해배상 및 사망 보상,사망,68나2007,토지소유권확인청구사건,0.7144824667571674,72751
손해배상 및 사망 보상,사망,"2011가합105381, 105398, 105404, 105411",,0.7142311021689461,185591
손해배상 및 사망 보상,사망,2020나10622,손해배상(기),0.710927873431441,220963
손해배상 및 사망 보상,사망,80나208,건물수거등청구사건,0.7103907714506364,74883
손해배상 및 사망 보상,유족,2005가합3568,소유권이전등기,0.726286027842078,70453
손해배상 및 사망 보상,유족,80나4240,공유임야분할등,0.7225143918590409,237835
손해배상 및 사망 보상,유족,69나3168,건물명도청구사건,0.7184982572284178,233205
손해배상 및 사망 보상,유족,89가합23073,소유권이전등기말소,0.7179687383428963,118939
손해배상 및 사망 보상,유족,86나173,소유권이전증기말소청구사건,0.7165839011299606,76501
손해배상 및 사망 보상,유족,98나3390,소유권이전등기,0.7150599671326596,221495
손해배상 및 사망 보상,유족,68나2007,토지소유권확인청구사건,0.7144824667571674,72751
손해배상 및 사망 보상,유족,"2011가합105381, 105398, 105404, 105411",,0.7142311021689461,185591
손해배상 및 사망 보상,유족,2020나10622,손해배상(기),0.710927873431441,220963
손해배상 및 사망 보상,유족,80나208,건물수거등청구사건,0.7103907714506364,74883
손해배상 및 사망 보상,운전,2005가합3568,소유권이전등기,0.726286027842078,70453
손해배상 및 사망 보상,운전,80나4240,공유임야분할등,0.7225143918590409,237835
손해배상 및 사망 보상,운전,69나3168,건물명도청구사건,0.7184982572284178,233205
손해배상 및 사망 보상,운전,89가합23073,소유권이전등기말소,0.7179687383428963,118939
손해배상 및 사망 보상,운전,86나173,소유권이전증기말소청구사건,0.7165839011299606,76501
손해배상 및 사망 보상,운전,98나3390,소유권이전등기,0.7150599671326596,221495
손해배상 및 사망 보상,운전,68나2007,토지소유권확인청구사건,0.7144824667571674,72751
손해배상 및 사망 보상,운전,"2011가합105381, 105398, 105404, 105411",,0.7142311021689461,185591
손해배상 및 사망 보상,운전,2020나10622,손해배상(기),0.710927873431441,220963
손해배상 및 사망 보상,운전,80나208,건물수거등청구사건,0.7103907714506364,74883
손해배상 및 사망 보상,운행,2005가합3568,소유권이전등기,0.726286027842078,70453
손해배상 및 사망 보상,운행,80나4240,공유임야분할등,0.7225143918590409,237835
손해배상 및 사망 보상,운행,69나3168,건물명도청구사건,0.7184982572284178,233205
손해배상 및 사망 보상,운행,89가합23073,소유권이전등기말소,0.7179687383428963,118939
손해배상 및 사망 보상,운행,86나173,소유권이전증기말소청구사건,0.7165839011299606,76501
손해배상 및 사망 보상,운행,98나3390,소유권이전등기,0.7150599671326596,221495
손해배상 및 사망 보상,운행,68나2007,토지소유권확인청구사건,0.7144824667571674,72751
손해배상 및 사망 보상,운행,"2011가합105381, 105398, 105404, 105411",,0.7142311021689461,185591
손해배상 및 사망 보상,운행,2020나10622,손해배상(기),0.710927873431441,220963
손해배상 및 사망 보상,운행,80나208,건물수거등청구사건,0.7103907714506364,74883
농지 및 경작,농지,68다1194,토지인도,0.703194859621397,153741
농지 및 경작,농지,69나3474,증여세부과처분취소,0.6962324116494274,233209
농지 및 경작,농지,66다936,주권발행,0.6959323971348963,152573
농지 및 경작,농지,66다1002,부당이득금,0.6924989860858373,153316
농지 및 경작,농지,67다2863,소유권이전등기말소,0.6891019368918319,157358
농지 및 경작,농지,"94가합2766,3943",부동산소유권이전등기말소,0.6887427859522184,145939
농지 및 경작,농지,67다995,손해배상청구사건,0.6815386715299541,156562
농지 및 경작,농지,92다25472,부당이득금반환,0.6792065499986856,200944
농지 및 경작,농지,73나2189,융자금등반환청구사건,0.6791528734833021,236299
농지 및 경작,농지,70나3152,소유권이전등기,0.6754995540690871,233725
농지 및 경작,분배,68다1194,토지인도,0.703194859621397,153741
농지 및 경작,분배,69나3474,증여세부과처분취소,0.6962324116494274,233209
농지 및 경작,분배,66다936,주권발행,0.6959323971348963,152573
농지 및 경작,분배,66다1002,부당이득금,0.6924989860858373,153316
농지 및 경작,분배,67다2863,소유권이전등기말소,0.6891019368918319,157358
농지 및 경작,분배,"94가합2766,3943",부동산소유권이전등기말소,0.6887427859522184,145939
농지 및 경작,분배,67다995,손해배상청구사건,0.6815386715299541,156562
농지 및 경작,분배,92다25472,부당이득금반환,0.6792065499986856,200944
농지 및 경작,분배,73나2189,융자금등반환청구사건,0.6791528734833021,236299
농지 및 경작,분배,70나3152,소유권이전등기,0.6754995540690871,233725
농지 및 경작,농지개혁법,68다1194,토지인도,0.703194859621397,153741
농지 및 경작,농지개혁법,69나3474,증여세부과처분취소,0.6962324116494274,233209
농지 및 경작,농지개혁법,66다936,주권발행,0.6959323971348963,152573
농지 및 경작,농지개혁법,66다1002,부당이득금,0.6924989860858373,153316
농지 및 경작,농지개혁법,67다2863,소유권이전등기말소,0.6891019368918319,157358
농지 및 경작,농지개혁법,"94가합2766,3943",부동산소유권이전등기말소,0.6887427859522184,145939
농지 및 경작,농지개혁법,67다995,손해배상청구사건,0.6815386715299541,156562
농지 및 경작,농지개혁법,92다25472,부당이득금반환,0.6792065499986856,200944
농지 및 경작,농지개혁법,73나2189,융자금등반환청구사건,0.6791528734833021,236299
농지 및 경작,농지개혁법,70나3152,소유권이전등기,0.6754995540690871,233725
농지 및 경작,토지,68다1194,토지인도,0.703194859621397,153741
농지 및 경작,토지,69나3474,증여세부과처분취소,0.6962324116494274,233209
농지 및 경작,토지,66다936,주권발행,0.6959323971348963,152573
농지 및 경작,토지,66다1002,부당이득금,0.6924989860858373,153316
농지 및 경작,토지,67다2863,소유권이전등기말소,0.6891019368918319,157358
농지 및 경작,토지,"94가합2766,3943",부동산소유권이전등기말소,0.6887427859522184,145939
농지 및 경작,토지,67다995,손해배상청구사건,0.6815386715299541,156562
농지 및 경작,토지,92다25472,부당이득금반환,0.6792065499986856,200944
농지 및 경작,토지,73나2189,융자금등반환청구사건,0.6791528734833021,236299
농지 및 경작,토지,70나3152,소유권이전등기,0.6754995540690871,233725
농지 및 경작,상환,68다1194,토지인도,0.703194859621397,153741
농지 및 경작,상환,69나3474,증여세부과처분취소,0.6962324116494274,233209
농지 및 경작,상환,66다936,주권발행,0.6959323971348963,152573
농지 및 경작,상환,66다1002,부당이득금,0.6924989860858373,153316
농지 및 경작,상환,67다2863,소유권이전등기말소,0.6891019368918319,157358
농지 및 경작,상환,"94가합2766,3943",부동산소유권이전등기말소,0.6887427859522184,145939
농지 및 경작,상환,67다995,손해배상청구사건,0.6815386715299541,156562
농지 및 경작,상환,92다25472,부당이득금반환,0.6792065499986856,200944
농지 및 경작,상환,73나2189,융자금등반환청구사건,0.6791528734833021,236299
농지 및 경작,상환,70나3152,소유권이전등기,0.6754995540690871,233725
농지 및 경작,등기,68다1194,토지인도,0.703194859621397,153741
농지 및 경작,등기,69나3474,증여세부과처분취소,0.6962324116494274,233209
농지 및 경작,등기,66다936,주권발행,0.6959323971348963,152573
농지 및 경작,등기,66다1002,부당이득금,0.6924989860858373,153316
농지 및 경작,등기,67다2863,소유권이전등기말소,0.6891019368918319,157358
농지 및 경작,등기,"94가합2766,3943",부동산소유권이전등기말소,0.6887427859522184,145939
농지 및 경작,등기,67다995,손해배상청구사건,0.6815386715299541,156562
농지 및 경작,등기,92다25472,부당이득금반환,0.6792065499986856,200944
농지 및 경작,등기,73나2189,융자금등반환청구사건,0.6791528734833021,236299
농지 및 경작,등기,70나3152,소유권이전등기,0.6754995540690871,233725
농지 및 경작,본건,68다1194,토지인도,0.703194859621397,153741
농지 및 경작,본건,69나3474,증여세부과처분취소,0.6962324116494274,233209
농지 및 경작,본건,66다936,주권발행,0.6959323971348963,152573
농지 및 경작,본건,66다1002,부당이득금,0.6924989860858373,153316
농지 및 경작,본건,67다2863,소유권이전등기말소,0.6891019368918319,157358
농지 및 경작,본건,"94가합2766,3943",부동산소유권이전등기말소,0.6887427859522184,145939
농지 및 경작,본건,67다995,손해배상청구사건,0.6815386715299541,156562
농지 및 경작,본건,92다25472,부당이득금반환,0.6792065499986856,200944
농지 및 경작,본건,73나2189,융자금등반환청구사건,0.6791528734833021,236299
농지 및 경작,본건,70나3152,소유권이전등기,0.6754995540690871,233725
농지 및 경작,소유권,68다1194,토지인도,0.703194859621397,153741
농지 및 경작,소유권,69나3474,증여세부과처분취소,0.6962324116494274,233209
농지 및 경작,소유권,66다936,주권발행,0.6959323971348963,152573
농지 및 경작,소유권,66다1002,부당이득금,0.6924989860858373,153316
농지 및 경작,소유권,67다2863,소유권이전등기말소,0.6891019368918319,157358
농지 및 경작,소유권,"94가합2766,3943",부동산소유권이전등기말소,0.6887427859522184,145939
농지 및 경작,소유권,67다995,손해배상청구사건,0.6815386715299541,156562
농지 및 경작,소유권,92다25472,부당이득금반환,0.6792065499986856,200944
농지 및 경작,소유권,73나2189,융자금등반환청구사건,0.6791528734833021,236299
농지 및 경작,소유권,70나3152,소유권이전등기,0.6754995540690871,233725
농지 및 경작,경작,68다1194,토지인도,0.703194859621397,153741
농지 및 경작,경작,69나3474,증여세부과처분취소,0.6962324116494274,233209
농지 및 경작,경작,66다936,주권발행,0.6959323971348963,152573
농지 및 경작,경작,66다1002,부당이득금,0.6924989860858373,153316
농지 및 경작,경작,67다2863,소유권이전등기말소,0.6891019368918319,157358
농지 및 경작,경작,"94가합2766,3943",부동산소유권이전등기말소,0.6887427859522184,145939
농지 및 경작,경작,67다995,손해배상청구사건,0.6815386715299541,156562
농지 및 경작,경작,92다25472,부당이득금반환,0.6792065499986856,200944
농지 및 경작,경작,73나2189,융자금등반환청구사건,0.6791528734833021,236299
농지 및 경작,경작,70나3152,소유권이전등기,0.6754995540690871,233725
농지 및 경작,완료,68다1194,토지인도,0.703194859621397,153741
농지 및 경작,완료,69나3474,증여세부과처분취소,0.6962324116494274,233209
농지 및 경작,완료,66다936,주권발행,0.6959323971348963,152573
농지 및 경작,완료,66다1002,부당이득금,0.6924989860858373,153316
농지 및 경작,완료,67다2863,소유권이전등기말소,0.6891019368918319,157358
농지 및 경작,완료,"94가합2766,3943",부동산소유권이전등기말소,0.6887427859522184,145939
농지 및 경작,완료,67다995,손해배상청구사건,0.6815386715299541,156562
농지 및 경작,완료,92다25472,부당이득금반환,0.6792065499986856,200944
농지 및 경작,완료,73나2189,융자금등반환청구사건,0.6791528734833021,236299
농지 및 경작,완료,70나3152,소유권이전등기,0.6754995540690871,233725
상속세 및 납부,상속세,2015나6250,건물명도등,0.8054119241211493,230769
상속세 및 납부,상속세,2015구합66579,상속세부과처분취소청구의소,0.7779799873846289,206239
상속세 및 납부,상속세,2003가합1087,원인무효에의한소유권말소등기,0.7697022394916089,69638
상속세 및 납부,상속세,2002구합4914,상속세부과처분취소,0.756015484931753,212459
상속세 및 납부,상속세,"2009나16058(본소),2010나28569(반소)",성매매 알선등 행위의 처벌에 관한 법률위반(성매매 알선등),0.755781611869442,169294
상속세 및 납부,상속세,2002누1657,상속세등부과처분취소,0.7540114950261282,77761
상속세 및 납부,상속세,82구318,상속세부과처분취소,0.7527079660081928,151716
상속세 및 납부,상속세,84구346,상속세등부과처분취소청구사건,0.7484284498382447,76195
상속세 및 납부,상속세,84구214,상속세등부과처분취소청구사건,0.7400678500210588,76102
상속세 및 납부,상속세,96누14425,상속세등부과처분취소,0.7389292618927159,196750
상속세 및 납부,세액,2015나6250,건물명도등,0.8054119241211493,230769
상속세 및 납부,세액,2015구합66579,상속세부과처분취소청구의소,0.7779799873846289,206239
상속세 및 납부,세액,2003가합1087,원인무효에의한소유권말소등기,0.7697022394916089,69638
상속세 및 납부,세액,2002구합4914,상속세부과처분취소,0.756015484931753,212459
상속세 및 납부,세액,"2009나16058(본소),2010나28569(반소)",성매매 알선등 행위의 처벌에 관한 법률위반(성매매 알선등),0.755781611869442,169294
상속세 및 납부,세액,2002누1657,상속세등부과처분취소,0.7540114950261282,77761
상속세 및 납부,세액,82구318,상속세부과처분취소,0.7527079660081928,151716
상속세 및 납부,세액,84구346,상속세등부과처분취소청구사건,0.7484284498382447,76195
상속세 및 납부,세액,84구214,상속세등부과처분취소청구사건,0.7400678500210588,76102
상속세 및 납부,세액,96누14425,상속세등부과처분취소,0.7389292618927159,196750
상속세 및 납부,부과,2015나6250,건물명도등,0.8054119241211493,230769
상속세 및 납부,부과,2015구합66579,상속세부과처분취소청구의소,0.7779799873846289,206239
상속세 및 납부,부과,2003가합1087,원인무효에의한소유권말소등기,0.7697022394916089,69638
상속세 및 납부,부과,2002구합4914,상속세부과처분취소,0.756015484931753,212459
상속세 및 납부,부과,"2009나16058(본소),2010나28569(반소)",성매매 알선등 행위의 처벌에 관한 법률위반(성매매 알선등),0.755781611869442,169294
상속세 및 납부,부과,2002누1657,상속세등부과처분취소,0.7540114950261282,77761
상속세 및 납부,부과,82구318,상속세부과처분취소,0.7527079660081928,151716
상속세 및 납부,부과,84구346,상속세등부과처분취소청구사건,0.7484284498382447,76195
상속세 및 납부,부과,84구214,상속세등부과처분취소청구사건,0.7400678500210588,76102
상속세 및 납부,부과,96누14425,상속세등부과처분취소,0.7389292618927159,196750
상속세 및 납부,납부,2015나6250,건물명도등,0.8054119241211493,230769
상속세 및 납부,납부,2015구합66579,상속세부과처분취소청구의소,0.7779799873846289,206239
상속세 및 납부,납부,2003가합1087,원인무효에의한소유권말소등기,0.7697022394916089,69638
상속세 및 납부,납부,2002구합4914,상속세부과처분취소,0.756015484931753,212459
상속세 및 납부,납부,"2009나16058(본소),2010나28569(반소)",성매매 알선등 행위의 처벌에 관한 법률위반(성매매 알선등),0.755781611869442,169294
상속세 및 납부,납부,2002누1657,상속세등부과처분취소,0.7540114950261282,77761
상속세 및 납부,납부,82구318,상속세부과처분취소,0.7527079660081928,151716
상속세 및 납부,납부,84구346,상속세등부과처분취소청구사건,0.7484284498382447,76195
상속세 및 납부,납부,84구214,상속세등부과처분취소청구사건,0.7400678500210588,76102
상속세 및 납부,납부,96누14425,상속세등부과처분취소,0.7389292618927159,196750
상속세 및 납부,과세,2015나6250,건물명도등,0.8054119241211493,230769
상속세 및 납부,과세,2015구합66579,상속세부과처분취소청구의소,0.7779799873846289,206239
상속세 및 납부,과세,2003가합1087,원인무효에의한소유권말소등기,0.7697022394916089,69638
상속세 및 납부,과세,2002구합4914,상속세부과처분취소,0.756015484931753,212459
상속세 및 납부,과세,"2009나16058(본소),2010나28569(반소)",성매매 알선등 행위의 처벌에 관한 법률위반(성매매 알선등),0.755781611869442,169294
상속세 및 납부,과세,2002누1657,상속세등부과처분취소,0.7540114950261282,77761
상속세 및 납부,과세,82구318,상속세부과처분취소,0.7527079660081928,151716
상속세 및 납부,과세,84구346,상속세등부과처분취소청구사건,0.7484284498382447,76195
상속세 및 납부,과세,84구214,상속세등부과처분취소청구사건,0.7400678500210588,76102
상속세 및 납부,과세,96누14425,상속세등부과처분취소,0.7389292618927159,196750
상속세 및 납부,상속,2015나6250,건물명도등,0.8054119241211493,230769
상속세 및 납부,상속,2015구합66579,상속세부과처분취소청구의소,0.7779799873846289,206239
상속세 및 납부,상속,2003가합1087,원인무효에의한소유권말소등기,0.7697022394916089,69638
상속세 및 납부,상속,2002구합4914,상속세부과처분취소,0.756015484931753,212459
상속세 및 납부,상속,"2009나16058(본소),2010나28569(반소)",성매매 알선등 행위의 처벌에 관한 법률위반(성매매 알선등),0.755781611869442,169294
상속세 및 납부,상속,2002누1657,상속세등부과처분취소,0.7540114950261282,77761
상속세 및 납부,상속,82구318,상속세부과처분취소,0.7527079660081928,151716
상속세 및 납부,상속,84구346,상속세등부과처분취소청구사건,0.7484284498382447,76195
상속세 및 납부,상속,84구214,상속세등부과처분취소청구사건,0.7400678500210588,76102
상속세 및 납부,상속,96누14425,상속세등부과처분취소,0.7389292618927159,196750
상속세 및 납부,재산,2015나6250,건물명도등,0.8054119241211493,230769
상속세 및 납부,재산,2015구합66579,상속세부과처분취소청구의소,0.7779799873846289,206239
상속세 및 납부,재산,2003가합1087,원인무효에의한소유권말소등기,0.7697022394916089,69638
상속세 및 납부,재산,2002구합4914,상속세부과처분취소,0.756015484931753,212459
상속세 및 납부,재산,"2009나16058(본소),2010나28569(반소)",성매매 알선등 행위의 처벌에 관한 법률위반(성매매 알선등),0.755781611869442,169294
상속세 및 납부,재산,2002누1657,상속세등부과처분취소,0.7540114950261282,77761
상속세 및 납부,재산,82구318,상속세부과처분취소,0.7527079660081928,151716
상속세 및 납부,재산,84구346,상속세등부과처분취소청구사건,0.7484284498382447,76195
상속세 및 납부,재산,84구214,상속세등부과처분취소청구사건,0.7400678500210588,76102
상속세 및 납부,재산,96누14425,상속세등부과처분취소,0.7389292618927159,196750
상속세 및 납부,가액,2015나6250,건물명도등,0.8054119241211493,230769
상속세 및 납부,가액,2015구합66579,상속세부과처분취소청구의소,0.7779799873846289,206239
상속세 및 납부,가액,2003가합1087,원인무효에의한소유권말소등기,0.7697022394916089,69638
상속세 및 납부,가액,2002구합4914,상속세부과처분취소,0.756015484931753,212459
상속세 및 납부,가액,"2009나16058(본소),2010나28569(반소)",성매매 알선등 행위의 처벌에 관한 법률위반(성매매 알선등),0.755781611869442,169294
상속세 및 납부,가액,2002누1657,상속세등부과처분취소,0.7540114950261282,77761
상속세 및 납부,가액,82구318,상속세부과처분취소,0.7527079660081928,151716
상속세 및 납부,가액,84구346,상속세등부과처분취소청구사건,0.7484284498382447,76195
상속세 및 납부,가액,84구214,상속세등부과처분취소청구사건,0.7400678500210588,76102
상속세 및 납부,가액,96누14425,상속세등부과처분취소,0.7389292618927159,196750
상속세 및 납부,신고,2015나6250,건물명도등,0.8054119241211493,230769
상속세 및 납부,신고,2015구합66579,상속세부과처분취소청구의소,0.7779799873846289,206239
상속세 및 납부,신고,2003가합1087,원인무효에의한소유권말소등기,0.7697022394916089,69638
상속세 및 납부,신고,2002구합4914,상속세부과처분취소,0.756015484931753,212459
상속세 및 납부,신고,"2009나16058(본소),2010나28569(반소)",성매매 알선등 행위의 처벌에 관한 법률위반(성매매 알선등),0.755781611869442,169294
상속세 및 납부,신고,2002누1657,상속세등부과처분취소,0.7540114950261282,77761
상속세 및 납부,신고,82구318,상속세부과처분취소,0.7527079660081928,151716
상속세 및 납부,신고,84구346,상속세등부과처분취소청구사건,0.7484284498382447,76195
상속세 및 납부,신고,84구214,상속세등부과처분취소청구사건,0.7400678500210588,76102
상속세 및 납부,신고,96누14425,상속세등부과처분취소,0.7389292618927159,196750
상속세 및 납부,납세,2015나6250,건물명도등,0.8054119241211493,230769
상속세 및 납부,납세,2015구합66579,상속세부과처분취소청구의소,0.7779799873846289,206239
상속세 및 납부,납세,2003가합1087,원인무효에의한소유권말소등기,0.7697022394916089,69638
상속세 및 납부,납세,2002구합4914,상속세부과처분취소,0.756015484931753,212459
상속세 및 납부,납세,"2009나16058(본소),2010나28569(반소)",성매매 알선등 행위의 처벌에 관한 법률위반(성매매 알선등),0.755781611869442,169294
상속세 및 납부,납세,2002누1657,상속세등부과처분취소,0.7540114950261282,77761
상속세 및 납부,납세,82구318,상속세부과처분취소,0.7527079660081928,151716
상속세 및 납부,납세,84구346,상속세등부과처분취소청구사건,0.7484284498382447,76195
상속세 및 납부,납세,84구214,상속세등부과처분취소청구사건,0.7400678500210588,76102
상속세 및 납부,납세,96누14425,상속세등부과처분취소,0.7389292618927159,196750
부동산 등기 및 거래,토지,2018나2004862,부당이득반환 청구의 소,0.7495707010888706,213219
부동산 등기 및 거래,토지,2002나14198,대여금,0.742215831119611,77527
부동산 등기 및 거래,토지,98두19193,소유권이전등기,0.7407620816849243,190986
부동산 등기 및 거래,토지,69나179,소유권이전등기말소청구사건,0.7388889567372372,233723
부동산 등기 및 거래,토지,2005나94906,등록무효(상),0.738647086274725,78034
부동산 등기 및 거래,토지,99나17767,소유권이전등기,0.7323357496330162,71339
부동산 등기 및 거래,토지,2016나2039307,소유권이전등기,0.7278003078382849,198451
부동산 등기 및 거래,토지,78나971,부동산소유권이전등기청구사건,0.7264679461177722,237367
부동산 등기 및 거래,토지,2009구합20403,소유권이전등기등,0.7257466784990282,161417
부동산 등기 및 거래,토지,2001다37699,압류처분취소,0.7229111539883573,191716
부동산 등기 및 거래,등기,2018나2004862,부당이득반환 청구의 소,0.7495707010888706,213219
부동산 등기 및 거래,등기,2002나14198,대여금,0.742215831119611,77527
부동산 등기 및 거래,등기,98두19193,소유권이전등기,0.7407620816849243,190986
부동산 등기 및 거래,등기,69나179,소유권이전등기말소청구사건,0.7388889567372372,233723
부동산 등기 및 거래,등기,2005나94906,등록무효(상),0.738647086274725,78034
부동산 등기 및 거래,등기,99나17767,소유권이전등기,0.7323357496330162,71339
부동산 등기 및 거래,등기,2016나2039307,소유권이전등기,0.7278003078382849,198451
부동산 등기 및 거래,등기,78나971,부동산소유권이전등기청구사건,0.7264679461177722,237367
부동산 등기 및 거래,등기,2009구합20403,소유권이전등기등,0.7257466784990282,161417
부동산 등기 및 거래,등기,2001다37699,압류처분취소,0.7229111539883573,191716
부동산 등기 및 거래,소유권,2018나2004862,부당이득반환 청구의 소,0.7495707010888706,213219
부동산 등기 및 거래,소유권,2002나14198,대여금,0.742215831119611,77527
부동산 등기 및 거래,소유권,98두19193,소유권이전등기,0.7407620816849243,190986
부동산 등기 및 거래,소유권,69나179,소유권이전등기말소청구사건,0.7388889567372372,233723
부동산 등기 및 거래,소유권,2005나94906,등록무효(상),0.738647086274725,78034
부동산 등기 및 거래,소유권,99나17767,소유권이전등기,0.7323357496330162,71339
부동산 등기 및 거래,소유권,2016나2039307,소유권이전등기,0.7278003078382849,198451
부동산 등기 및 거래,소유권,78나971,부동산소유권이전등기청구사건,0.7264679461177722,237367
부동산 등기 및 거래,소유권,2009구합20403,소유권이전등기등,0.7257466784990282,161417
부동산 등기 및 거래,소유권,2001다37699,압류처분취소,0.7229111539883573,191716
부동산 등기 및 거래,이전,2018나2004862,부당이득반환 청구의 소,0.7495707010888706,213219
부동산 등기 및 거래,이전,2002나14198,대여금,0.742215831119611,77527
부동산 등기 및 거래,이전,98두19193,소유권이전등기,0.7407620816849243,190986
부동산 등기 및 거래,이전,69나179,소유권이전등기말소청구사건,0.7388889567372372,233723
부동산 등기 및 거래,이전,2005나94906,등록무효(상),0.738647086274725,78034
부동산 등기 및 거래,이전,99나17767,소유권이전등기,0.7323357496330162,71339
부동산 등기 및 거래,이전,2016나2039307,소유권이전등기,0.7278003078382849,198451
부동산 등기 및 거래,이전,78나971,부동산소유권이전등기청구사건,0.7264679461177722,237367
부동산 등기 및 거래,이전,2009구합20403,소유권이전등기등,0.7257466784990282,161417
부동산 등기 및 거래,이전,2001다37699,압류처분취소,0.7229111539883573,191716
부동산 등기 및 거래,명의,2018나2004862,부당이득반환 청구의 소,0.7495707010888706,213219
부동산 등기 및 거래,명의,2002나14198,대여금,0.742215831119611,77527
부동산 등기 및 거래,명의,98두19193,소유권이전등기,0.7407620816849243,190986
부동산 등기 및 거래,명의,69나179,소유권이전등기말소청구사건,0.7388889567372372,233723
부동산 등기 및 거래,명의,2005나94906,등록무효(상),0.738647086274725,78034
부동산 등기 및 거래,명의,99나17767,소유권이전등기,0.7323357496330162,71339
부동산 등기 및 거래,명의,2016나2039307,소유권이전등기,0.7278003078382849,198451
부동산 등기 및 거래,명의,78나971,부동산소유권이전등기청구사건,0.7264679461177722,237367
부동산 등기 및 거래,명의,2009구합20403,소유권이전등기등,0.7257466784990282,161417
부동산 등기 및 거래,명의,2001다37699,압류처분취소,0.7229111539883573,191716
부동산 등기 및 거래,분할,2018나2004862,부당이득반환 청구의 소,0.7495707010888706,213219
부동산 등기 및 거래,분할,2002나14198,대여금,0.742215831119611,77527
부동산 등기 및 거래,분할,98두19193,소유권이전등기,0.7407620816849243,190986
부동산 등기 및 거래,분할,69나179,소유권이전등기말소청구사건,0.7388889567372372,233723
부동산 등기 및 거래,분할,2005나94906,등록무효(상),0.738647086274725,78034
부동산 등기 및 거래,분할,99나17767,소유권이전등기,0.7323357496330162,71339
부동산 등기 및 거래,분할,2016나2039307,소유권이전등기,0.7278003078382849,198451
부동산 등기 및 거래,분할,78나971,부동산소유권이전등기청구사건,0.7264679461177722,237367
부동산 등기 및 거래,분할,2009구합20403,소유권이전등기등,0.7257466784990282,161417
부동산 등기 및 거래,분할,2001다37699,압류처분취소,0.7229111539883573,191716
부동산 등기 및 거래,지번,2018나2004862,부당이득반환 청구의 소,0.7495707010888706,213219
부동산 등기 및 거래,지번,2002나14198,대여금,0.742215831119611,77527
부동산 등기 및 거래,지번,98두19193,소유권이전등기,0.7407620816849243,190986
부동산 등기 및 거래,지번,69나179,소유권이전등기말소청구사건,0.7388889567372372,233723
부동산 등기 및 거래,지번,2005나94906,등록무효(상),0.738647086274725,78034
부동산 등기 및 거래,지번,99나17767,소유권이전등기,0.7323357496330162,71339
부동산 등기 및 거래,지번,2016나2039307,소유권이전등기,0.7278003078382849,198451
부동산 등기 및 거래,지번,78나971,부동산소유권이전등기청구사건,0.7264679461177722,237367
부동산 등기 및 거래,지번,2009구합20403,소유권이전등기등,0.7257466784990282,161417
부동산 등기 및 거래,지번,2001다37699,압류처분취소,0.7229111539883573,191716
부동산 등기 및 거래,주소,2018나2004862,부당이득반환 청구의 소,0.7495707010888706,213219
부동산 등기 및 거래,주소,2002나14198,대여금,0.742215831119611,77527
부동산 등기 및 거래,주소,98두19193,소유권이전등기,0.7407620816849243,190986
부동산 등기 및 거래,주소,69나179,소유권이전등기말소청구사건,0.7388889567372372,233723
부동산 등기 및 거래,주소,2005나94906,등록무효(상),0.738647086274725,78034
부동산 등기 및 거래,주소,99나17767,소유권이전등기,0.7323357496330162,71339
부동산 등기 및 거래,주소,2016나2039307,소유권이전등기,0.7278003078382849,198451
부동산 등기 및 거래,주소,78나971,부동산소유권이전등기청구사건,0.7264679461177722,237367
부동산 등기 및 거래,주소,2009구합20403,소유권이전등기등,0.7257466784990282,161417
부동산 등기 및 거래,주소,2001다37699,압류처분취소,0.7229111539883573,191716
부동산 등기 및 거래,환지,2018나2004862,부당이득반환 청구의 소,0.7495707010888706,213219
부동산 등기 및 거래,환지,2002나14198,대여금,0.742215831119611,77527
부동산 등기 및 거래,환지,98두19193,소유권이전등기,0.7407620816849243,190986
부동산 등기 및 거래,환지,69나179,소유권이전등기말소청구사건,0.7388889567372372,233723
부동산 등기 및 거래,환지,2005나94906,등록무효(상),0.738647086274725,78034
부동산 등기 및 거래,환지,99나17767,소유권이전등기,0.7323357496330162,71339
부동산 등기 및 거래,환지,2016나2039307,소유권이전등기,0.7278003078382849,198451
부동산 등기 및 거래,환지,78나971,부동산소유권이전등기청구사건,0.7264679461177722,237367
부동산 등기 및 거래,환지,2009구합20403,소유권이전등기등,0.7257466784990282,161417
부동산 등기 및 거래,환지,2001다37699,압류처분취소,0.7229111539883573,191716
부동산 등기 및 거래,매매,2018나2004862,부당이득반환 청구의 소,0.7495707010888706,213219
부동산 등기 및 거래,매매,2002나14198,대여금,0.742215831119611,77527
부동산 등기 및 거래,매매,98두19193,소유권이전등기,0.7407620816849243,190986
부동산 등기 및 거래,매매,69나179,소유권이전등기말소청구사건,0.7388889567372372,233723
부동산 등기 및 거래,매매,2005나94906,등록무효(상),0.738647086274725,78034
부동산 등기 및 거래,매매,99나17767,소유권이전등기,0.7323357496330162,71339
부동산 등기 및 거래,매매,2016나2039307,소유권이전등기,0.7278003078382849,198451
부동산 등기 및 거래,매매,78나971,부동산소유권이전등기청구사건,0.7264679461177722,237367
부동산 등기 및 거래,매매,2009구합20403,소유권이전등기등,0.7257466784990282,161417
부동산 등기 및 거래,매매,2001다37699,압류처분취소,0.7229111539883573,191716
상속 분할 및 유류분,상속,88르3635,상속재산분할,0.7661572909380939,227293
상속 분할 및 유류분,상속,2001느합86,상속재산및기여분,0.7647806372645658,190085
상속 분할 및 유류분,상속,2001다6947,부동산소유권이전등기등에관한특별조치법위반,0.7551635721235759,81075
상속 분할 및 유류분,상속,2004느합152,,0.754394789198465,70062
상속 분할 및 유류분,상속,2015나762,근저당권설정등기말소,0.7524487934539621,205565
상속 분할 및 유류분,상속,2018가합114335,상속회복청구등의소,0.7484407619930988,234921
상속 분할 및 유류분,상속,2003느합74,상속재산,0.7448726794188767,145801
상속 분할 및 유류분,상속,2001느합71,상속재산분할,0.7436775875915408,71567
상속 분할 및 유류분,상속,2001느합5,상속재산분할,0.7423818535651974,71566
상속 분할 및 유류분,상속,2002가합2435,양수금 사건,0.7408242566947938,190083
상속 분할 및 유류분,재산,88르3635,상속재산분할,0.7661572909380939,227293
상속 분할 및 유류분,재산,2001느합86,상속재산및기여분,0.7647806372645658,190085
상속 분할 및 유류분,재산,2001다6947,부동산소유권이전등기등에관한특별조치법위반,0.7551635721235759,81075
상속 분할 및 유류분,재산,2004느합152,,0.754394789198465,70062
상속 분할 및 유류분,재산,2015나762,근저당권설정등기말소,0.7524487934539621,205565
상속 분할 및 유류분,재산,2018가합114335,상속회복청구등의소,0.7484407619930988,234921
상속 분할 및 유류분,재산,2003느합74,상속재산,0.7448726794188767,145801
상속 분할 및 유류분,재산,2001느합71,상속재산분할,0.7436775875915408,71567
상속 분할 및 유류분,재산,2001느합5,상속재산분할,0.7423818535651974,71566
상속 분할 및 유류분,재산,2002가합2435,양수금 사건,0.7408242566947938,190083
상속 분할 및 유류분,분할,88르3635,상속재산분할,0.7661572909380939,227293
상속 분할 및 유류분,분할,2001느합86,상속재산및기여분,0.7647806372645658,190085
상속 분할 및 유류분,분할,2001다6947,부동산소유권이전등기등에관한특별조치법위반,0.7551635721235759,81075
상속 분할 및 유류분,분할,2004느합152,,0.754394789198465,70062
상속 분할 및 유류분,분할,2015나762,근저당권설정등기말소,0.7524487934539621,205565
상속 분할 및 유류분,분할,2018가합114335,상속회복청구등의소,0.7484407619930988,234921
상속 분할 및 유류분,분할,2003느합74,상속재산,0.7448726794188767,145801
상속 분할 및 유류분,분할,2001느합71,상속재산분할,0.7436775875915408,71567
상속 분할 및 유류분,분할,2001느합5,상속재산분할,0.7423818535651974,71566
상속 분할 및 유류분,분할,2002가합2435,양수금 사건,0.7408242566947938,190083
상속 분할 및 유류분,유류분,88르3635,상속재산분할,0.7661572909380939,227293
상속 분할 및 유류분,유류분,2001느합86,상속재산및기여분,0.7647806372645658,190085
상속 분할 및 유류분,유류분,2001다6947,부동산소유권이전등기등에관한특별조치법위반,0.7551635721235759,81075
상속 분할 및 유류분,유류분,2004느합152,,0.754394789198465,70062
상속 분할 및 유류분,유류분,2015나762,근저당권설정등기말소,0.7524487934539621,205565
상속 분할 및 유류분,유류분,2018가합114335,상속회복청구등의소,0.7484407619930988,234921
상속 분할 및 유류분,유류분,2003느합74,상속재산,0.7448726794188767,145801
상속 분할 및 유류분,유류분,2001느합71,상속재산분할,0.7436775875915408,71567
상속 분할 및 유류분,유류분,2001느합5,상속재산분할,0.7423818535651974,71566
상속 분할 및 유류분,유류분,2002가합2435,양수금 사건,0.7408242566947938,190083
상속 분할 및 유류분,상속인,88르3635,상속재산분할,0.7661572909380939,227293
상속 분할 및 유류분,상속인,2001느합86,상속재산및기여분,0.7647806372645658,190085
상속 분할 및 유류분,상속인,2001다6947,부동산소유권이전등기등에관한특별조치법위반,0.7551635721235759,81075
상속 분할 및 유류분,상속인,2004느합152,,0.754394789198465,70062
상속 분할 및 유류분,상속인,2015나762,근저당권설정등기말소,0.7524487934539621,205565
상속 분할 및 유류분,상속인,2018가합114335,상속회복청구등의소,0.7484407619930988,234921
상속 분할 및 유류분,상속인,2003느합74,상속재산,0.7448726794188767,145801
상속 분할 및 유류분,상속인,2001느합71,상속재산분할,0.7436775875915408,71567
상속 분할 및 유류분,상속인,2001느합5,상속재산분할,0.7423818535651974,71566
상속 분할 및 유류분,상속인,2002가합2435,양수금 사건,0.7408242566947938,190083
상속 분할 및 유류분,부동산,88르3635,상속재산분할,0.7661572909380939,227293
상속 분할 및 유류분,부동산,2001느합86,상속재산및기여분,0.7647806372645658,190085
상속 분할 및 유류분,부동산,2001다6947,부동산소유권이전등기등에관한특별조치법위반,0.7551635721235759,81075
상속 분할 및 유류분,부동산,2004느합152,,0.754394789198465,70062
상속 분할 및 유류분,부동산,2015나762,근저당권설정등기말소,0.7524487934539621,205565
상속 분할 및 유류분,부동산,2018가합114335,상속회복청구등의소,0.7484407619930988,234921
상속 분할 및 유류분,부동산,2003느합74,상속재산,0.7448726794188767,145801
상속 분할 및 유류분,부동산,2001느합71,상속재산분할,0.7436775875915408,71567
상속 분할 및 유류분,부동산,2001느합5,상속재산분할,0.7423818535651974,71566
상속 분할 및 유류분,부동산,2002가합2435,양수금 사건,0.7408242566947938,190083
상속 분할 및 유류분,민법,88르3635,상속재산분할,0.7661572909380939,227293
상속 분할 및 유류분,민법,2001느합86,상속재산및기여분,0.7647806372645658,190085
상속 분할 및 유류분,민법,2001다6947,부동산소유권이전등기등에관한특별조치법위반,0.7551635721235759,81075
상속 분할 및 유류분,민법,2004느합152,,0.754394789198465,70062
상속 분할 및 유류분,민법,2015나762,근저당권설정등기말소,0.7524487934539621,205565
상속 분할 및 유류분,민법,2018가합114335,상속회복청구등의소,0.7484407619930988,234921
상속 분할 및 유류분,민법,2003느합74,상속재산,0.7448726794188767,145801
상속 분할 및 유류분,민법,2001느합71,상속재산분할,0.7436775875915408,71567
상속 분할 및 유류분,민법,2001느합5,상속재산분할,0.7423818535651974,71566
상속 분할 및 유류분,민법,2002가합2435,양수금 사건,0.7408242566947938,190083
상속 분할 및 유류분,한정승인,88르3635,상속재산분할,0.7661572909380939,227293
상속 분할 및 유류분,한정승인,2001느합86,상속재산및기여분,0.7647806372645658,190085
상속 분할 및 유류분,한정승인,2001다6947,부동산소유권이전등기등에관한특별조치법위반,0.7551635721235759,81075
상속 분할 및 유류분,한정승인,2004느합152,,0.754394789198465,70062
상속 분할 및 유류분,한정승인,2015나762,근저당권설정등기말소,0.7524487934539621,205565
상속 분할 및 유류분,한정승인,2018가합114335,상속회복청구등의소,0.7484407619930988,234921
상속 분할 및 유류분,한정승인,2003느합74,상속재산,0.7448726794188767,145801
상속 분할 및 유류분,한정승인,2001느합71,상속재산분할,0.7436775875915408,71567
상속 분할 및 유류분,한정승인,2001느합5,상속재산분할,0.7423818535651974,71566
상속 분할 및 유류분,한정승인,2002가합2435,양수금 사건,0.7408242566947938,190083
상속 분할 및 유류분,피상,88르3635,상속재산분할,0.7661572909380939,227293
상속 분할 및 유류분,피상,2001느합86,상속재산및기여분,0.7647806372645658,190085
상속 분할 및 유류분,피상,2001다6947,부동산소유권이전등기등에관한특별조치법위반,0.7551635721235759,81075
상속 분할 및 유류분,피상,2004느합152,,0.754394789198465,70062
상속 분할 및 유류분,피상,2015나762,근저당권설정등기말소,0.7524487934539621,205565
상속 분할 및 유류분,피상,2018가합114335,상속회복청구등의소,0.7484407619930988,234921
상속 분할 및 유류분,피상,2003느합74,상속재산,0.7448726794188767,145801
상속 분할 및 유류분,피상,2001느합71,상속재산분할,0.7436775875915408,71567
상속 분할 및 유류분,피상,2001느합5,상속재산분할,0.7423818535651974,71566
상속 분할 및 유류분,피상,2002가합2435,양수금 사건,0.7408242566947938,190083
상속 분할 및 유류분,포기,88르3635,상속재산분할,0.7661572909380939,227293
상속 분할 및 유류분,포기,2001느합86,상속재산및기여분,0.7647806372645658,190085
상속 분할 및 유류분,포기,2001다6947,부동산소유권이전등기등에관한특별조치법위반,0.7551635721235759,81075
상속 분할 및 유류분,포기,2004느합152,,0.754394789198465,70062
상속 분할 및 유류분,포기,2015나762,근저당권설정등기말소,0.7524487934539621,205565
상속 분할 및 유류분,포기,2018가합114335,상속회복청구등의소,0.7484407619930988,234921
상속 분할 및 유류분,포기,2003느합74,상속재산,0.7448726794188767,145801
상속 분할 및 유류분,포기,2001느합71,상속재산분할,0.7436775875915408,71567
상속 분할 및 유류분,포기,2001느합5,상속재산분할,0.7423818535651974,71566
상속 분할 및 유류분,포기,2002가합2435,양수금 사건,0.7408242566947938,190083
보험 및 보상,보험,2005나25549,소유권이전등기등,0.7082486403677796,77875
보험 및 보상,보험,2000다31502,건물명도,0.6995762612673393,191837
보험 및 보상,보험,2014구합62630,상속세부과처분취소,0.6989112042858117,183738
보험 및 보상,보험,2004다28245,손해배상(기)·소유권이전등기등·손해배상(기),0.6981184651035537,83575
보험 및 보상,보험,90가합33955,가옥명도,0.6944504671322371,118884
보험 및 보상,보험,93다48373,광업권이전등록말소,0.6896444956201842,111888
보험 및 보상,보험,2006나14163,사기미수(인정된죄명:배임),0.689617540392127,142460
보험 및 보상,보험,2015가합534383,보험금,0.6869991362590162,203002
보험 및 보상,보험,2002가단237623,부당이득금환수처분의취소,0.6847952303158389,69568
보험 및 보상,보험,2005가합3764,약정금,0.6836406538308656,70247
보험 및 보상,보험금,2005나25549,소유권이전등기등,0.7082486403677796,77875
보험 및 보상,보험금,2000다31502,건물명도,0.6995762612673393,191837
보험 및 보상,보험금,2014구합62630,상속세부과처분취소,0.6989112042858117,183738
보험 및 보상,보험금,2004다28245,손해배상(기)·소유권이전등기등·손해배상(기),0.6981184651035537,83575
보험 및 보상,보험금,90가합33955,가옥명도,0.6944504671322371,118884
보험 및 보상,보험금,93다48373,광업권이전등록말소,0.6896444956201842,111888
보험 및 보상,보험금,2006나14163,사기미수(인정된죄명:배임),0.689617540392127,142460
보험 및 보상,보험금,2015가합534383,보험금,0.6869991362590162,203002
보험 및 보상,보험금,2002가단237623,부당이득금환수처분의취소,0.6847952303158389,69568
보험 및 보상,보험금,2005가합3764,약정금,0.6836406538308656,70247
보험 및 보상,계약,2005나25549,소유권이전등기등,0.7082486403677796,77875
보험 및 보상,계약,2000다31502,건물명도,0.6995762612673393,191837
보험 및 보상,계약,2014구합62630,상속세부과처분취소,0.6989112042858117,183738
보험 및 보상,계약,2004다28245,손해배상(기)·소유권이전등기등·손해배상(기),0.6981184651035537,83575
보험 및 보상,계약,90가합33955,가옥명도,0.6944504671322371,118884
보험 및 보상,계약,93다48373,광업권이전등록말소,0.6896444956201842,111888
보험 및 보상,계약,2006나14163,사기미수(인정된죄명:배임),0.689617540392127,142460
보험 및 보상,계약,2015가합534383,보험금,0.6869991362590162,203002
보험 및 보상,계약,2002가단237623,부당이득금환수처분의취소,0.6847952303158389,69568
보험 및 보상,계약,2005가합3764,약정금,0.6836406538308656,70247
보험 및 보상,지급,2005나25549,소유권이전등기등,0.7082486403677796,77875
보험 및 보상,지급,2000다31502,건물명도,0.6995762612673393,191837
보험 및 보상,지급,2014구합62630,상속세부과처분취소,0.6989112042858117,183738
보험 및 보상,지급,2004다28245,손해배상(기)·소유권이전등기등·손해배상(기),0.6981184651035537,83575
보험 및 보상,지급,90가합33955,가옥명도,0.6944504671322371,118884
보험 및 보상,지급,93다48373,광업권이전등록말소,0.6896444956201842,111888
보험 및 보상,지급,2006나14163,사기미수(인정된죄명:배임),0.689617540392127,142460
보험 및 보상,지급,2015가합534383,보험금,0.6869991362590162,203002
보험 및 보상,지급,2002가단237623,부당이득금환수처분의취소,0.6847952303158389,69568
보험 및 보상,지급,2005가합3764,약정금,0.6836406538308656,70247
보험 및 보상,망인,2005나25549,소유권이전등기등,0.7082486403677796,77875
보험 및 보상,망인,2000다31502,건물명도,0.6995762612673393,191837
보험 및 보상,망인,2014구합62630,상속세부과처분취소,0.6989112042858117,183738
보험 및 보상,망인,2004다28245,손해배상(기)·소유권이전등기등·손해배상(기),0.6981184651035537,83575
보험 및 보상,망인,90가합33955,가옥명도,0.6944504671322371,118884
보험 및 보상,망인,93다48373,광업권이전등록말소,0.6896444956201842,111888
보험 및 보상,망인,2006나14163,사기미수(인정된죄명:배임),0.689617540392127,142460
보험 및 보상,망인,2015가합534383,보험금,0.6869991362590162,203002
보험 및 보상,망인,2002가단237623,부당이득금환수처분의취소,0.6847952303158389,69568
보험 및 보상,망인,2005가합3764,약정금,0.6836406538308656,70247
보험 및 보상,보험료,2005나25549,소유권이전등기등,0.7082486403677796,77875
보험 및 보상,보험료,2000다31502,건물명도,0.6995762612673393,191837
보험 및 보상,보험료,2014구합62630,상속세부과처분취소,0.6989112042858117,183738
보험 및 보상,보험료,2004다28245,손해배상(기)·소유권이전등기등·손해배상(기),0.6981184651035537,83575
보험 및 보상,보험료,90가합33955,가옥명도,0.6944504671322371,118884
보험 및 보상,보험료,93다48373,광업권이전등록말소,0.6896444956201842,111888
보험 및 보상,보험료,2006나14163,사기미수(인정된죄명:배임),0.689617540392127,142460
보험 및 보상,보험료,2015가합534383,보험금,0.6869991362590162,203002
보험 및 보상,보험료,2002가단237623,부당이득금환수처분의취소,0.6847952303158389,69568
보험 및 보상,보험료,2005가합3764,약정금,0.6836406538308656,70247
보험 및 보상,자동차,2005나25549,소유권이전등기등,0.7082486403677796,77875
보험 및 보상,자동차,2000다31502,건물명도,0.6995762612673393,191837
보험 및 보상,자동차,2014구합62630,상속세부과처분취소,0.6989112042858117,183738
보험 및 보상,자동차,2004다28245,손해배상(기)·소유권이전등기등·손해배상(기),0.6981184651035537,83575
보험 및 보상,자동차,90가합33955,가옥명도,0.6944504671322371,118884
보험 및 보상,자동차,93다48373,광업권이전등록말소,0.6896444956201842,111888
보험 및 보상,자동차,2006나14163,사기미수(인정된죄명:배임),0.689617540392127,142460
보험 및 보상,자동차,2015가합534383,보험금,0.6869991362590162,203002
보험 및 보상,자동차,2002가단237623,부당이득금환수처분의취소,0.6847952303158389,69568
보험 및 보상,자동차,2005가합3764,약정금,0.6836406538308656,70247
보험 및 보상,연금,2005나25549,소유권이전등기등,0.7082486403677796,77875
보험 및 보상,연금,2000다31502,건물명도,0.6995762612673393,191837
보험 및 보상,연금,2014구합62630,상속세부과처분취소,0.6989112042858117,183738
보험 및 보상,연금,2004다28245,손해배상(기)·소유권이전등기등·손해배상(기),0.6981184651035537,83575
보험 및 보상,연금,90가합33955,가옥명도,0.6944504671322371,118884
보험 및 보상,연금,93다48373,광업권이전등록말소,0.6896444956201842,111888
보험 및 보상,연금,2006나14163,사기미수(인정된죄명:배임),0.689617540392127,142460
보험 및 보상,연금,2015가합534383,보험금,0.6869991362590162,203002
보험 및 보상,연금,2002가단237623,부당이득금환수처분의취소,0.6847952303158389,69568
보험 및 보상,연금,2005가합3764,약정금,0.6836406538308656,70247
보험 및 보상,수익,2005나25549,소유권이전등기등,0.7082486403677796,77875
보험 및 보상,수익,2000다31502,건물명도,0.6995762612673393,191837
보험 및 보상,수익,2014구합62630,상속세부과처분취소,0.6989112042858117,183738
보험 및 보상,수익,2004다28245,손해배상(기)·소유권이전등기등·손해배상(기),0.6981184651035537,83575
보험 및 보상,수익,90가합33955,가옥명도,0.6944504671322371,118884
보험 및 보상,수익,93다48373,광업권이전등록말소,0.6896444956201842,111888
보험 및 보상,수익,2006나14163,사기미수(인정된죄명:배임),0.689617540392127,142460
보험 및 보상,수익,2015가합534383,보험금,0.6869991362590162,203002
보험 및 보상,수익,2002가단237623,부당이득금환수처분의취소,0.6847952303158389,69568
보험 및 보상,수익,2005가합3764,약정금,0.6836406538308656,70247
보험 및 보상,상해,2005나25549,소유권이전등기등,0.7082486403677796,77875
보험 및 보상,상해,2000다31502,건물명도,0.6995762612673393,191837
보험 및 보상,상해,2014구합62630,상속세부과처분취소,0.6989112042858117,183738
보험 및 보상,상해,2004다28245,손해배상(기)·소유권이전등기등·손해배상(기),0.6981184651035537,83575
보험 및 보상,상해,90가합33955,가옥명도,0.6944504671322371,118884
보험 및 보상,상해,93다48373,광업권이전등록말소,0.6896444956201842,111888
보험 및 보상,상해,2006나14163,사기미수(인정된죄명:배임),0.689617540392127,142460
보험 및 보상,상해,2015가합534383,보험금,0.6869991362590162,203002
보험 및 보상,상해,2002가단237623,부당이득금환수처분의취소,0.6847952303158389,69568
보험 및 보상,상해,2005가합3764,약정금,0.6836406538308656,70247
